A,61,ALA,sidechain,A,60,ALA,sidechain,100.0
A,71,ALA,sidechain,A,37,ALA,sidechain,100.0
A,93,ALA,sidechain,A,37,ALA,sidechain,100.0
A,110,ALA,sidechain,A,108,ALA,sidechain,100.0
A,131,ALA,sidechain,A,110,ALA,sidechain,100.0
A,303,ALA,sidechain,A,302,ALA,sidechain,100.0
A,318,ALA,sidechain,A,316,ALA,sidechain,100.0
A,231,CYS,sidechain,A,236,ALA,sidechain,100.0
A,320,CYS,sidechain,A,87,CYS,sidechain,100.0
A,66,ASP,sidechain,A,33,ALA,sidechain,100.0
A,66,ASP,sidechain,A,60,ALA,sidechain,100.0
A,88,ASP,sidechain,A,87,CYS,sidechain,100.0
A,102,ASP,sidechain,A,131,ALA,sidechain,100.0
A,103,ASP,sidechain,A,102,ASP,sidechain,100.0
A,114,ASP,sidechain,A,110,ALA,sidechain,100.0
A,137,ASP,sidechain,A,136,ALA,sidechain,100.0
A,139,ASP,sidechain,A,114,ASP,sidechain,100.0
A,166,ASP,sidechain,A,164,ASP,sidechain,100.0
A,212,ASP,sidechain,A,213,ALA,sidechain,100.0
A,283,ASP,sidechain,A,282,ASP,sidechain,100.0
A,285,ASP,sidechain,A,282,ASP,sidechain,100.0
A,294,ASP,sidechain,A,290,ALA,sidechain,100.0
A,344,ASP,sidechain,A,294,ASP,sidechain,100.0
A,48,GLU,sidechain,A,71,ALA,sidechain,100.0
A,58,GLU,sidechain,A,61,ALA,sidechain,100.0
A,107,GLU,sidechain,A,108,ALA,sidechain,100.0
A,107,GLU,sidechain,A,234,ASP,sidechain,100.0
A,182,GLU,sidechain,A,136,ALA,sidechain,100.0
A,182,GLU,sidechain,A,137,ASP,sidechain,100.0
A,211,GLU,sidechain,A,213,ALA,sidechain,100.0
A,211,GLU,sidechain,A,212,ASP,sidechain,100.0
A,235,GLU,sidechain,A,236,ALA,sidechain,100.0
A,235,GLU,sidechain,A,231,CYS,sidechain,100.0
A,235,GLU,sidechain,A,234,ASP,sidechain,100.0
A,242,GLU,sidechain,A,243,ALA,sidechain,100.0
A,242,GLU,sidechain,A,212,ASP,sidechain,100.0
A,289,GLU,sidechain,A,290,ALA,sidechain,100.0
A,289,GLU,sidechain,A,50,GLU,sidechain,100.0
A,315,GLU,sidechain,A,316,ALA,sidechain,100.0
A,353,GLU,sidechain,A,352,GLU,sidechain,100.0
A,371,GLU,sidechain,A,369,ASP,sidechain,100.0
A,100,PHE,sidechain,A,131,ALA,sidechain,100.0
A,100,PHE,sidechain,A,102,ASP,sidechain,100.0
A,144,PHE,sidechain,A,110,ALA,sidechain,100.0
A,144,PHE,sidechain,A,131,ALA,sidechain,100.0
A,144,PHE,sidechain,A,114,ASP,sidechain,100.0
A,145,PHE,sidechain,A,144,PHE,sidechain,100.0
A,147,PHE,sidechain,A,294,ASP,sidechain,100.0
A,177,PHE,sidechain,A,136,ALA,sidechain,100.0
A,177,PHE,sidechain,A,231,CYS,sidechain,100.0
A,177,PHE,sidechain,A,107,GLU,sidechain,100.0
A,177,PHE,sidechain,A,235,GLU,sidechain,100.0
A,183,PHE,sidechain,A,155,ALA,sidechain,100.0
A,186,PHE,sidechain,A,155,ALA,sidechain,100.0
A,186,PHE,sidechain,A,183,PHE,sidechain,100.0
A,210,PHE,sidechain,A,207,ASP,sidechain,100.0
A,210,PHE,sidechain,A,211,GLU,sidechain,100.0
A,253,PHE,sidechain,A,252,ASP,sidechain,100.0
A,272,PHE,sidechain,A,236,ALA,sidechain,100.0
A,272,PHE,sidechain,A,271,GLU,sidechain,100.0
A,337,PHE,sidechain,A,302,ALA,sidechain,100.0
A,337,PHE,sidechain,A,310,PHE,sidechain,100.0
A,350,PHE,sidechain,A,145,PHE,sidechain,100.0
A,350,PHE,sidechain,A,147,PHE,sidechain,100.0
A,42,HIS,sidechain,A,103,ASP,sidechain,100.0
A,44,HIS,sidechain,A,45,ASP,sidechain,100.0
A,44,HIS,sidechain,A,103,ASP,sidechain,100.0
A,44,HIS,sidechain,A,42,HIS,sidechain,100.0
A,85,HIS,sidechain,A,88,ASP,sidechain,100.0
A,96,HIS,sidechain,A,33,ALA,sidechain,100.0
A,96,HIS,sidechain,A,303,ALA,sidechain,100.0
A,96,HIS,sidechain,A,316,ALA,sidechain,100.0
A,119,HIS,sidechain,A,139,ASP,sidechain,100.0
A,119,HIS,sidechain,A,115,PHE,sidechain,100.0
A,128,HIS,sidechain,A,102,ASP,sidechain,100.0
A,128,HIS,sidechain,A,103,ASP,sidechain,100.0
A,128,HIS,sidechain,A,283,ASP,sidechain,100.0
A,168,HIS,sidechain,A,166,ASP,sidechain,100.0
A,335,HIS,sidechain,A,352,GLU,sidechain,100.0
A,335,HIS,sidechain,A,145,PHE,sidechain,100.0
A,358,HIS,sidechain,A,347,ASP,sidechain,100.0
A,381,HIS,sidechain,A,358,HIS,sidechain,100.0
A,387,HIS,sidechain,A,373,GLU,sidechain,100.0
A,36,ILE,sidechain,A,37,ALA,sidechain,100.0
A,36,ILE,sidechain,A,96,HIS,sidechain,100.0
A,83,ILE,sidechain,A,87,CYS,sidechain,100.0
A,83,ILE,sidechain,A,320,CYS,sidechain,100.0
A,83,ILE,sidechain,A,115,PHE,sidechain,100.0
A,95,ILE,sidechain,A,37,ALA,sidechain,100.0
A,95,ILE,sidechain,A,93,ALA,sidechain,100.0
A,95,ILE,sidechain,A,316,ALA,sidechain,100.0
A,95,ILE,sidechain,A,96,HIS,sidechain,100.0
A,95,ILE,sidechain,A,36,ILE,sidechain,100.0
A,116,ILE,sidechain,A,87,CYS,sidechain,100.0
A,116,ILE,sidechain,A,320,CYS,sidechain,100.0
A,116,ILE,sidechain,A,115,PHE,sidechain,100.0
A,116,ILE,sidechain,A,119,HIS,sidechain,100.0
A,116,ILE,sidechain,A,83,ILE,sidechain,100.0
A,124,ILE,sidechain,A,100,PHE,sidechain,100.0
A,124,ILE,sidechain,A,144,PHE,sidechain,100.0
A,124,ILE,sidechain,A,116,ILE,sidechain,100.0
A,127,ILE,sidechain,A,131,ALA,sidechain,100.0
A,127,ILE,sidechain,A,147,PHE,sidechain,100.0
A,127,ILE,sidechain,A,128,HIS,sidechain,100.0
A,134,ILE,sidechain,A,136,ALA,sidechain,100.0
A,134,ILE,sidechain,A,149,ALA,sidechain,100.0
A,134,ILE,sidechain,A,177,PHE,sidechain,100.0
A,151,ILE,sidechain,A,136,ALA,sidechain,100.0
A,151,ILE,sidechain,A,155,ALA,sidechain,100.0
A,151,ILE,sidechain,A,182,GLU,sidechain,100.0
A,151,ILE,sidechain,A,183,PHE,sidechain,100.0
A,151,ILE,sidechain,A,186,PHE,sidechain,100.0
A,151,ILE,sidechain,A,134,ILE,sidechain,100.0
A,161,ILE,sidechain,A,164,ASP,sidechain,100.0
A,176,ILE,sidechain,A,207,ASP,sidechain,100.0
A,184,ILE,sidechain,A,183,PHE,sidechain,100.0
A,222,ILE,sidechain,A,253,PHE,sidechain,100.0
A,222,ILE,sidechain,A,223,HIS,sidechain,100.0
A,222,ILE,sidechain,A,204,ILE,sidechain,100.0
A,227,ILE,sidechain,A,243,ALA,sidechain,100.0
A,227,ILE,sidechain,A,253,PHE,sidechain,100.0
A,227,ILE,sidechain,A,222,ILE,sidechain,100.0
A,239,ILE,sidechain,A,236,ALA,sidechain,100.0
A,239,ILE,sidechain,A,243,ALA,sidechain,100.0
A,239,ILE,sidechain,A,231,CYS,sidechain,100.0
A,239,ILE,sidechain,A,235,GLU,sidechain,100.0
A,256,ILE,sidechain,A,161,ILE,sidechain,100.0
A,268,ILE,sidechain,A,272,PHE,sidechain,100.0
A,277,ILE,sidechain,A,254,PHE,sidechain,100.0
A,277,ILE,sidechain,A,161,ILE,sidechain,100.0
A,277,ILE,sidechain,A,256,ILE,sidechain,100.0
A,296,ILE,sidechain,A,36,ILE,sidechain,100.0
A,298,ILE,sidechain,A,302,ALA,sidechain,100.0
A,298,ILE,sidechain,A,294,ASP,sidechain,100.0
A,298,ILE,sidechain,A,145,PHE,sidechain,100.0
A,298,ILE,sidechain,A,147,PHE,sidechain,100.0
A,298,ILE,sidechain,A,350,PHE,sidechain,100.0
A,313,ILE,sidechain,A,303,ALA,sidechain,100.0
A,313,ILE,sidechain,A,96,HIS,sidechain,100.0
A,80,LYS,sidechain,A,78,ASP,sidechain,100.0
A,138,LYS,sidechain,A,110,ALA,sidechain,100.0
A,138,LYS,sidechain,A,114,ASP,sidechain,100.0
A,138,LYS,sidechain,A,353,GLU,sidechain,100.0
A,138,LYS,sidechain,A,144,PHE,sidechain,100.0
A,138,LYS,sidechain,A,145,PHE,sidechain,100.0
A,160,LYS,sidechain,A,164,ASP,sidechain,100.0
A,188,LYS,sidechain,A,192,ASP,sidechain,100.0
A,214,LYS,sidechain,A,213,ALA,sidechain,100.0
A,214,LYS,sidechain,A,207,ASP,sidechain,100.0
A,214,LYS,sidechain,A,211,GLU,sidechain,100.0
A,214,LYS,sidechain,A,210,PHE,sidechain,100.0
A,221,LYS,sidechain,A,204,ILE,sidechain,100.0
A,233,LYS,sidechain,A,236,ALA,sidechain,100.0
A,233,LYS,sidechain,A,105,ASP,sidechain,100.0
A,233,LYS,sidechain,A,234,ASP,sidechain,100.0
A,233,LYS,sidechain,A,272,PHE,sidechain,100.0
A,270,LYS,sidechain,A,271,GLU,sidechain,100.0
A,309,LYS,sidechain,A,310,PHE,sidechain,100.0
A,309,LYS,sidechain,A,337,PHE,sidechain,100.0
A,317,LYS,sidechain,A,316,ALA,sidechain,100.0
A,317,LYS,sidechain,A,121,PHE,sidechain,100.0
A,346,LYS,sidechain,A,294,ASP,sidechain,100.0
A,346,LYS,sidechain,A,344,ASP,sidechain,100.0
A,368,LYS,sidechain,A,369,ASP,sidechain,100.0
A,374,LYS,sidechain,A,282,ASP,sidechain,100.0
A,374,LYS,sidechain,A,285,ASP,sidechain,100.0
A,374,LYS,sidechain,A,364,ILE,sidechain,100.0
A,377,LYS,sidechain,A,282,ASP,sidechain,100.0
A,377,LYS,sidechain,A,285,ASP,sidechain,100.0
A,377,LYS,sidechain,A,379,GLU,sidechain,100.0
A,377,LYS,sidechain,A,374,LYS,sidechain,100.0
A,34,LEU,sidechain,A,33,ALA,sidechain,100.0
A,34,LEU,sidechain,A,303,ALA,sidechain,100.0
A,34,LEU,sidechain,A,96,HIS,sidechain,100.0
A,34,LEU,sidechain,A,36,ILE,sidechain,100.0
A,34,LEU,sidechain,A,313,ILE,sidechain,100.0
A,40,LEU,sidechain,A,71,ALA,sidechain,100.0
A,40,LEU,sidechain,A,103,ASP,sidechain,100.0
A,40,LEU,sidechain,A,100,PHE,sidechain,100.0
A,40,LEU,sidechain,A,127,ILE,sidechain,100.0
A,51,LEU,sidechain,A,71,ALA,sidechain,100.0
A,51,LEU,sidechain,A,48,GLU,sidechain,100.0
A,51,LEU,sidechain,A,50,GLU,sidechain,100.0
A,51,LEU,sidechain,A,40,LEU,sidechain,100.0
A,54,LEU,sidechain,A,290,ALA,sidechain,100.0
A,54,LEU,sidechain,A,50,GLU,sidechain,100.0
A,54,LEU,sidechain,A,289,GLU,sidechain,100.0
A,54,LEU,sidechain,A,296,ILE,sidechain,100.0
A,54,LEU,sidechain,A,51,LEU,sidechain,100.0
A,63,LEU,sidechain,A,60,ALA,sidechain,100.0
A,65,LEU,sidechain,A,303,ALA,sidechain,100.0
A,65,LEU,sidechain,A,313,ILE,sidechain,100.0
A,65,LEU,sidechain,A,34,LEU,sidechain,100.0
A,65,LEU,sidechain,A,63,LEU,sidechain,100.0
A,72,LEU,sidechain,A,37,ALA,sidechain,100.0
A,72,LEU,sidechain,A,71,ALA,sidechain,100.0
A,72,LEU,sidechain,A,48,GLU,sidechain,100.0
A,72,LEU,sidechain,A,85,HIS,sidechain,100.0
A,73,LEU,sidechain,A,71,ALA,sidechain,100.0
A,73,LEU,sidechain,A,48,GLU,sidechain,100.0
A,73,LEU,sidechain,A,40,LEU,sidechain,100.0
A,73,LEU,sidechain,A,51,LEU,sidechain,100.0
A,73,LEU,sidechain,A,72,LEU,sidechain,100.0
A,82,LEU,sidechain,A,100,PHE,sidechain,100.0
A,82,LEU,sidechain,A,83,ILE,sidechain,100.0
A,82,LEU,sidechain,A,116,ILE,sidechain,100.0
A,89,LEU,sidechain,A,37,ALA,sidechain,100.0
A,89,LEU,sidechain,A,93,ALA,sidechain,100.0
A,89,LEU,sidechain,A,88,ASP,sidechain,100.0
A,89,LEU,sidechain,A,85,HIS,sidechain,100.0
A,89,LEU,sidechain,A,95,ILE,sidechain,100.0
A,89,LEU,sidechain,A,72,LEU,sidechain,100.0
A,98,LEU,sidechain,A,37,ALA,sidechain,100.0
A,98,LEU,sidechain,A,100,PHE,sidechain,100.0
A,98,LEU,sidechain,A,95,ILE,sidechain,100.0
A,98,LEU,sidechain,A,124,ILE,sidechain,100.0
A,98,LEU,sidechain,A,89,LEU,sidechain,100.0
A,113,LEU,sidechain,A,110,ALA,sidechain,100.0
A,113,LEU,sidechain,A,131,ALA,sidechain,100.0
A,113,LEU,sidechain,A,100,PHE,sidechain,100.0
A,113,LEU,sidechain,A,144,PHE,sidechain,100.0
A,113,LEU,sidechain,A,116,ILE,sidechain,100.0
A,113,LEU,sidechain,A,124,ILE,sidechain,100.0
A,113,LEU,sidechain,A,82,LEU,sidechain,100.0
A,113,LEU,sidechain,A,98,LEU,sidechain,100.0
A,125,LEU,sidechain,A,145,PHE,sidechain,100.0
A,125,LEU,sidechain,A,147,PHE,sidechain,100.0
A,125,LEU,sidechain,A,350,PHE,sidechain,100.0
A,125,LEU,sidechain,A,127,ILE,sidechain,100.0
A,125,LEU,sidechain,A,298,ILE,sidechain,100.0
A,159,LEU,sidechain,A,155,ALA,sidechain,100.0
A,159,LEU,sidechain,A,170,PHE,sidechain,100.0
A,159,LEU,sidechain,A,186,PHE,sidechain,100.0
A,172,LEU,sidechain,A,170,PHE,sidechain,100.0
A,172,LEU,sidechain,A,183,PHE,sidechain,100.0
A,172,LEU,sidechain,A,184,ILE,sidechain,100.0
A,206,LEU,sidechain,A,204,ILE,sidechain,100.0
A,206,LEU,sidechain,A,239,ILE,sidechain,100.0
A,219,LEU,sidechain,A,243,ALA,sidechain,100.0
A,219,LEU,sidechain,A,242,GLU,sidechain,100.0
A,219,LEU,sidechain,A,204,ILE,sidechain,100.0
A,219,LEU,sidechain,A,222,ILE,sidechain,100.0
A,219,LEU,sidechain,A,227,ILE,sidechain,100.0
A,219,LEU,sidechain,A,239,ILE,sidechain,100.0
A,219,LEU,sidechain,A,206,LEU,sidechain,100.0
A,228,LEU,sidechain,A,155,ALA,sidechain,100.0
A,228,LEU,sidechain,A,170,PHE,sidechain,100.0
A,228,LEU,sidechain,A,183,PHE,sidechain,100.0
A,228,LEU,sidechain,A,227,ILE,sidechain,100.0
A,228,LEU,sidechain,A,256,ILE,sidechain,100.0
A,228,LEU,sidechain,A,159,LEU,sidechain,100.0
A,228,LEU,sidechain,A,172,LEU,sidechain,100.0
A,229,LEU,sidechain,A,236,ALA,sidechain,100.0
A,229,LEU,sidechain,A,231,CYS,sidechain,100.0
A,229,LEU,sidechain,A,227,ILE,sidechain,100.0
A,229,LEU,sidechain,A,239,ILE,sidechain,100.0
A,238,LEU,sidechain,A,234,ASP,sidechain,100.0
A,238,LEU,sidechain,A,235,GLU,sidechain,100.0
A,238,LEU,sidechain,A,239,ILE,sidechain,100.0
A,240,LEU,sidechain,A,236,ALA,sidechain,100.0
A,240,LEU,sidechain,A,243,ALA,sidechain,100.0
A,240,LEU,sidechain,A,231,CYS,sidechain,100.0
A,240,LEU,sidechain,A,272,PHE,sidechain,100.0
A,240,LEU,sidechain,A,239,ILE,sidechain,100.0
A,240,LEU,sidechain,A,229,LEU,sidechain,100.0
A,246,LEU,sidechain,A,243,ALA,sidechain,100.0
A,246,LEU,sidechain,A,242,GLU,sidechain,100.0
A,246,LEU,sidechain,A,220,LYS,sidechain,100.0
A,246,LEU,sidechain,A,219,LEU,sidechain,100.0
A,248,LEU,sidechain,A,243,ALA,sidechain,100.0
A,248,LEU,sidechain,A,253,PHE,sidechain,100.0
A,248,LEU,sidechain,A,222,ILE,sidechain,100.0
A,248,LEU,sidechain,A,227,ILE,sidechain,100.0
A,248,LEU,sidechain,A,219,LEU,sidechain,100.0
A,248,LEU,sidechain,A,246,LEU,sidechain,100.0
A,260,LEU,sidechain,A,231,CYS,sidechain,100.0
A,260,LEU,sidechain,A,107,GLU,sidechain,100.0
A,260,LEU,sidechain,A,177,PHE,sidechain,100.0
A,260,LEU,sidechain,A,134,ILE,sidechain,100.0
A,267,LEU,sidechain,A,105,ASP,sidechain,100.0
A,267,LEU,sidechain,A,266,GLU,sidechain,100.0
A,267,LEU,sidechain,A,268,ILE,sidechain,100.0
A,267,LEU,sidechain,A,233,LYS,sidechain,100.0
A,276,LEU,sidechain,A,236,ALA,sidechain,100.0
A,276,LEU,sidechain,A,272,PHE,sidechain,100.0
A,276,LEU,sidechain,A,277,ILE,sidechain,100.0
A,276,LEU,sidechain,A,240,LEU,sidechain,100.0
A,288,LEU,sidechain,A,103,ASP,sidechain,100.0
A,288,LEU,sidechain,A,289,GLU,sidechain,100.0
A,288,LEU,sidechain,A,128,HIS,sidechain,100.0
A,288,LEU,sidechain,A,127,ILE,sidechain,100.0
A,288,LEU,sidechain,A,40,LEU,sidechain,100.0
A,299,LEU,sidechain,A,302,ALA,sidechain,100.0
A,299,LEU,sidechain,A,303,ALA,sidechain,100.0
A,299,LEU,sidechain,A,36,ILE,sidechain,100.0
A,299,LEU,sidechain,A,296,ILE,sidechain,100.0
A,299,LEU,sidechain,A,298,ILE,sidechain,100.0
A,299,LEU,sidechain,A,34,LEU,sidechain,100.0
A,299,LEU,sidechain,A,125,LEU,sidechain,100.0
A,307,LEU,sidechain,A,303,ALA,sidechain,100.0
A,307,LEU,sidechain,A,308,GLU,sidechain,100.0
A,307,LEU,sidechain,A,313,ILE,sidechain,100.0
A,307,LEU,sidechain,A,65,LEU,sidechain,100.0
A,334,LEU,sidechain,A,302,ALA,sidechain,100.0
A,334,LEU,sidechain,A,303,ALA,sidechain,100.0
A,334,LEU,sidechain,A,337,PHE,sidechain,100.0
A,334,LEU,sidechain,A,299,LEU,sidechain,100.0
A,348,LEU,sidechain,A,294,ASP,sidechain,100.0
A,348,LEU,sidechain,A,347,ASP,sidechain,100.0
A,348,LEU,sidechain,A,147,PHE,sidechain,100.0
A,348,LEU,sidechain,A,350,PHE,sidechain,100.0
A,348,LEU,sidechain,A,298,ILE,sidechain,100.0
A,348,LEU,sidechain,A,346,LYS,sidechain,100.0
A,361,LEU,sidechain,A,149,ALA,sidechain,100.0
A,366,LEU,sidechain,A,272,PHE,sidechain,100.0
A,366,LEU,sidechain,A,268,ILE,sidechain,100.0
A,366,LEU,sidechain,A,276,LEU,sidechain,100.0
A,383,LEU,sidechain,A,164,ASP,sidechain,100.0
A,383,LEU,sidechain,A,161,ILE,sidechain,100.0
A,383,LEU,sidechain,A,160,LYS,sidechain,100.0
A,385,LEU,sidechain,A,164,ASP,sidechain,100.0
A,385,LEU,sidechain,A,161,ILE,sidechain,100.0
A,385,LEU,sidechain,A,383,LEU,sidechain,100.0
A,39,MET,sidechain,A,37,ALA,sidechain,100.0
A,39,MET,sidechain,A,100,PHE,sidechain,100.0
A,39,MET,sidechain,A,85,HIS,sidechain,100.0
A,39,MET,sidechain,A,72,LEU,sidechain,100.0
A,39,MET,sidechain,A,82,LEU,sidechain,100.0
A,39,MET,sidechain,A,89,LEU,sidechain,100.0
A,39,MET,sidechain,A,98,LEU,sidechain,100.0
A,74,MET,sidechain,A,100,PHE,sidechain,100.0
A,74,MET,sidechain,A,85,HIS,sidechain,100.0
A,74,MET,sidechain,A,72,LEU,sidechain,100.0
A,74,MET,sidechain,A,82,LEU,sidechain,100.0
A,74,MET,sidechain,A,39,MET,sidechain,100.0
A,90,MET,sidechain,A,316,ALA,sidechain,100.0
A,90,MET,sidechain,A,318,ALA,sidechain,100.0
A,90,MET,sidechain,A,87,CYS,sidechain,100.0
A,90,MET,sidechain,A,320,CYS,sidechain,100.0
A,90,MET,sidechain,A,95,ILE,sidechain,100.0
A,90,MET,sidechain,A,317,LYS,sidechain,100.0
A,90,MET,sidechain,A,89,LEU,sidechain,100.0
A,112,MET,sidechain,A,108,ALA,sidechain,100.0
A,112,MET,sidechain,A,83,ILE,sidechain,100.0
A,112,MET,sidechain,A,116,ILE,sidechain,100.0
A,112,MET,sidechain,A,82,LEU,sidechain,100.0
A,112,MET,sidechain,A,113,LEU,sidechain,100.0
A,133,MET,sidechain,A,110,ALA,sidechain,100.0
A,133,MET,sidechain,A,102,ASP,sidechain,100.0
A,133,MET,sidechain,A,105,ASP,sidechain,100.0
A,133,MET,sidechain,A,107,GLU,sidechain,100.0
A,133,MET,sidechain,A,134,ILE,sidechain,100.0
A,133,MET,sidechain,A,233,LYS,sidechain,100.0
A,133,MET,sidechain,A,260,LEU,sidechain,100.0
A,135,MET,sidechain,A,110,ALA,sidechain,100.0
A,135,MET,sidechain,A,136,ALA,sidechain,100.0
A,135,MET,sidechain,A,114,ASP,sidechain,100.0
A,135,MET,sidechain,A,144,PHE,sidechain,100.0
A,135,MET,sidechain,A,134,ILE,sidechain,100.0
A,135,MET,sidechain,A,138,LYS,sidechain,100.0
A,158,MET,sidechain,A,155,ALA,sidechain,100.0
A,158,MET,sidechain,A,183,PHE,sidechain,100.0
A,158,MET,sidechain,A,161,ILE,sidechain,100.0
A,158,MET,sidechain,A,256,ILE,sidechain,100.0
A,158,MET,sidechain,A,159,LEU,sidechain,100.0
A,158,MET,sidechain,A,228,LEU,sidechain,100.0
A,162,MET,sidechain,A,170,PHE,sidechain,100.0
A,162,MET,sidechain,A,161,ILE,sidechain,100.0
A,162,MET,sidechain,A,256,ILE,sidechain,100.0
A,162,MET,sidechain,A,159,LEU,sidechain,100.0
A,162,MET,sidechain,A,228,LEU,sidechain,100.0
A,162,MET,sidechain,A,158,MET,sidechain,100.0
A,200,MET,sidechain,A,192,ASP,sidechain,100.0
A,200,MET,sidechain,A,170,PHE,sidechain,100.0
A,200,MET,sidechain,A,184,ILE,sidechain,100.0
A,200,MET,sidechain,A,188,LYS,sidechain,100.0
A,200,MET,sidechain,A,172,LEU,sidechain,100.0
A,306,MET,sidechain,A,302,ALA,sidechain,100.0
A,306,MET,sidechain,A,303,ALA,sidechain,100.0
A,306,MET,sidechain,A,310,PHE,sidechain,100.0
A,306,MET,sidechain,A,337,PHE,sidechain,100.0
A,306,MET,sidechain,A,313,ILE,sidechain,100.0
A,306,MET,sidechain,A,307,LEU,sidechain,100.0
A,306,MET,sidechain,A,334,LEU,sidechain,100.0
A,324,MET,sidechain,A,121,PHE,sidechain,100.0
A,324,MET,sidechain,A,119,HIS,sidechain,100.0
A,331,MET,sidechain,A,121,PHE,sidechain,100.0
A,331,MET,sidechain,A,317,LYS,sidechain,100.0
A,338,MET,sidechain,A,302,ALA,sidechain,100.0
A,338,MET,sidechain,A,145,PHE,sidechain,100.0
A,338,MET,sidechain,A,350,PHE,sidechain,100.0
A,338,MET,sidechain,A,335,HIS,sidechain,100.0
A,338,MET,sidechain,A,298,ILE,sidechain,100.0
A,338,MET,sidechain,A,125,LEU,sidechain,100.0
A,338,MET,sidechain,A,299,LEU,sidechain,100.0
A,338,MET,sidechain,A,334,LEU,sidechain,100.0
A,35,ASN,sidechain,A,33,ALA,sidechain,100.0
A,35,ASN,sidechain,A,93,ALA,sidechain,100.0
A,35,ASN,sidechain,A,316,ALA,sidechain,100.0
A,35,ASN,sidechain,A,96,HIS,sidechain,100.0
A,35,ASN,sidechain,A,36,ILE,sidechain,100.0
A,35,ASN,sidechain,A,95,ILE,sidechain,100.0
A,35,ASN,sidechain,A,34,LEU,sidechain,100.0
A,68,ASN,sidechain,A,33,ALA,sidechain,100.0
A,68,ASN,sidechain,A,93,ALA,sidechain,100.0
A,68,ASN,sidechain,A,66,ASP,sidechain,100.0
A,68,ASN,sidechain,A,35,ASN,sidechain,100.0
A,75,ASN,sidechain,A,42,HIS,sidechain,100.0
A,193,ASN,sidechain,A,192,ASP,sidechain,100.0
A,202,ASN,sidechain,A,223,HIS,sidechain,100.0
A,202,ASN,sidechain,A,204,ILE,sidechain,100.0
A,202,ASN,sidechain,A,222,ILE,sidechain,100.0
A,202,ASN,sidechain,A,221,LYS,sidechain,100.0
A,264,ASN,sidechain,A,103,ASP,sidechain,100.0
A,264,ASN,sidechain,A,105,ASP,sidechain,100.0
A,264,ASN,sidechain,A,266,GLU,sidechain,100.0
A,264,ASN,sidechain,A,128,HIS,sidechain,100.0
A,264,ASN,sidechain,A,233,LYS,sidechain,100.0
A,264,ASN,sidechain,A,267,LEU,sidechain,100.0
A,340,ASN,sidechain,A,347,ASP,sidechain,100.0
A,367,ASN,sidechain,A,369,ASP,sidechain,100.0
A,367,ASN,sidechain,A,371,GLU,sidechain,100.0
A,367,ASN,sidechain,A,373,GLU,sidechain,100.0
A,367,ASN,sidechain,A,368,LYS,sidechain,100.0
A,367,ASN,sidechain,A,366,LEU,sidechain,100.0
A,380,ASN,sidechain,A,379,GLU,sidechain,100.0
A,380,ASN,sidechain,A,358,HIS,sidechain,100.0
A,380,ASN,sidechain,A,381,HIS,sidechain,100.0
A,32,PRO,sidechain,A,33,ALA,sidechain,100.0
A,32,PRO,sidechain,A,313,ILE,sidechain,100.0
A,32,PRO,sidechain,A,65,LEU,sidechain,100.0
A,32,PRO,sidechain,A,307,LEU,sidechain,100.0
A,57,PRO,sidechain,A,60,ALA,sidechain,100.0
A,57,PRO,sidechain,A,61,ALA,sidechain,100.0
A,57,PRO,sidechain,A,58,GLU,sidechain,100.0
A,64,PRO,sidechain,A,308,GLU,sidechain,100.0
A,64,PRO,sidechain,A,63,LEU,sidechain,100.0
A,64,PRO,sidechain,A,65,LEU,sidechain,100.0
A,64,PRO,sidechain,A,307,LEU,sidechain,100.0
A,64,PRO,sidechain,A,32,PRO,sidechain,100.0
A,79,PRO,sidechain,A,108,ALA,sidechain,100.0
A,79,PRO,sidechain,A,78,ASP,sidechain,100.0
A,79,PRO,sidechain,A,83,ILE,sidechain,100.0
A,79,PRO,sidechain,A,82,LEU,sidechain,100.0
A,79,PRO,sidechain,A,112,MET,sidechain,100.0
A,123,PRO,sidechain,A,302,ALA,sidechain,100.0
A,123,PRO,sidechain,A,145,PHE,sidechain,100.0
A,123,PRO,sidechain,A,124,ILE,sidechain,100.0
A,123,PRO,sidechain,A,299,LEU,sidechain,100.0
A,123,PRO,sidechain,A,334,LEU,sidechain,100.0
A,123,PRO,sidechain,A,338,MET,sidechain,100.0
A,140,PRO,sidechain,A,139,ASP,sidechain,100.0
A,178,PRO,sidechain,A,136,ALA,sidechain,100.0
A,178,PRO,sidechain,A,137,ASP,sidechain,100.0
A,178,PRO,sidechain,A,107,GLU,sidechain,100.0
A,178,PRO,sidechain,A,177,PHE,sidechain,100.0
A,258,PRO,sidechain,A,231,CYS,sidechain,100.0
A,258,PRO,sidechain,A,183,PHE,sidechain,100.0
A,258,PRO,sidechain,A,134,ILE,sidechain,100.0
A,258,PRO,sidechain,A,229,LEU,sidechain,100.0
A,258,PRO,sidechain,A,260,LEU,sidechain,100.0
A,258,PRO,sidechain,A,158,MET,sidechain,100.0
A,269,PRO,sidechain,A,236,ALA,sidechain,100.0
A,269,PRO,sidechain,A,271,GLU,sidechain,100.0
A,269,PRO,sidechain,A,272,PHE,sidechain,100.0
A,269,PRO,sidechain,A,268,ILE,sidechain,100.0
A,269,PRO,sidechain,A,233,LYS,sidechain,100.0
A,269,PRO,sidechain,A,270,LYS,sidechain,100.0
A,273,PRO,sidechain,A,243,ALA,sidechain,100.0
A,273,PRO,sidechain,A,272,PHE,sidechain,100.0
A,273,PRO,sidechain,A,240,LEU,sidechain,100.0
A,273,PRO,sidechain,A,276,LEU,sidechain,100.0
A,273,PRO,sidechain,A,366,LEU,sidechain,100.0
A,314,PRO,sidechain,A,316,ALA,sidechain,100.0
A,314,PRO,sidechain,A,96,HIS,sidechain,100.0
A,314,PRO,sidechain,A,313,ILE,sidechain,100.0
A,314,PRO,sidechain,A,334,LEU,sidechain,100.0
A,314,PRO,sidechain,A,306,MET,sidechain,100.0
A,314,PRO,sidechain,A,331,MET,sidechain,100.0
A,327,PRO,sidechain,A,121,PHE,sidechain,100.0
A,327,PRO,sidechain,A,317,LYS,sidechain,100.0
A,327,PRO,sidechain,A,324,MET,sidechain,100.0
A,327,PRO,sidechain,A,331,MET,sidechain,100.0
A,330,PRO,sidechain,A,332,HIS,sidechain,100.0
A,330,PRO,sidechain,A,331,MET,sidechain,100.0
A,330,PRO,sidechain,A,327,PRO,sidechain,100.0
A,336,PRO,sidechain,A,337,PHE,sidechain,100.0
A,336,PRO,sidechain,A,332,HIS,sidechain,100.0
A,336,PRO,sidechain,A,335,HIS,sidechain,100.0
A,336,PRO,sidechain,A,334,LEU,sidechain,100.0
A,359,PRO,sidechain,A,149,ALA,sidechain,100.0
A,359,PRO,sidechain,A,358,HIS,sidechain,100.0
A,359,PRO,sidechain,A,361,LEU,sidechain,100.0
A,59,GLN,sidechain,A,60,ALA,sidechain,100.0
A,59,GLN,sidechain,A,58,GLU,sidechain,100.0
A,59,GLN,sidechain,A,296,ILE,sidechain,100.0
A,59,GLN,sidechain,A,54,LEU,sidechain,100.0
A,59,GLN,sidechain,A,57,PRO,sidechain,100.0
A,106,GLN,sidechain,A,108,ALA,sidechain,100.0
A,106,GLN,sidechain,A,102,ASP,sidechain,100.0
A,106,GLN,sidechain,A,107,GLU,sidechain,100.0
A,111,GLN,sidechain,A,108,ALA,sidechain,100.0
A,111,GLN,sidechain,A,110,ALA,sidechain,100.0
A,111,GLN,sidechain,A,107,GLU,sidechain,100.0
A,111,GLN,sidechain,A,112,MET,sidechain,100.0
A,111,GLN,sidechain,A,135,MET,sidechain,100.0
A,111,GLN,sidechain,A,178,PRO,sidechain,100.0
A,146,GLN,sidechain,A,110,ALA,sidechain,100.0
A,146,GLN,sidechain,A,131,ALA,sidechain,100.0
A,146,GLN,sidechain,A,144,PHE,sidechain,100.0
A,146,GLN,sidechain,A,134,ILE,sidechain,100.0
A,146,GLN,sidechain,A,138,LYS,sidechain,100.0
A,146,GLN,sidechain,A,135,MET,sidechain,100.0
A,152,GLN,sidechain,A,155,ALA,sidechain,100.0
A,152,GLN,sidechain,A,182,GLU,sidechain,100.0
A,152,GLN,sidechain,A,353,GLU,sidechain,100.0
A,152,GLN,sidechain,A,186,PHE,sidechain,100.0
A,152,GLN,sidechain,A,151,ILE,sidechain,100.0
A,153,GLN,sidechain,A,149,ALA,sidechain,100.0
A,153,GLN,sidechain,A,361,LEU,sidechain,100.0
A,153,GLN,sidechain,A,359,PRO,sidechain,100.0
A,153,GLN,sidechain,A,152,GLN,sidechain,100.0
A,154,GLN,sidechain,A,149,ALA,sidechain,100.0
A,154,GLN,sidechain,A,155,ALA,sidechain,100.0
A,154,GLN,sidechain,A,134,ILE,sidechain,100.0
A,154,GLN,sidechain,A,151,ILE,sidechain,100.0
A,154,GLN,sidechain,A,361,LEU,sidechain,100.0
A,154,GLN,sidechain,A,158,MET,sidechain,100.0
A,154,GLN,sidechain,A,258,PRO,sidechain,100.0
A,154,GLN,sidechain,A,153,GLN,sidechain,100.0
A,163,GLN,sidechain,A,164,ASP,sidechain,100.0
A,163,GLN,sidechain,A,160,LYS,sidechain,100.0
A,201,GLN,sidechain,A,199,ASP,sidechain,100.0
A,201,GLN,sidechain,A,223,HIS,sidechain,100.0
A,201,GLN,sidechain,A,202,ASN,sidechain,100.0
A,216,GLN,sidechain,A,213,ALA,sidechain,100.0
A,216,GLN,sidechain,A,212,ASP,sidechain,100.0
A,216,GLN,sidechain,A,242,GLU,sidechain,100.0
A,216,GLN,sidechain,A,219,LEU,sidechain,100.0
A,216,GLN,sidechain,A,246,LEU,sidechain,100.0
A,218,GLN,sidechain,A,204,ILE,sidechain,100.0
A,218,GLN,sidechain,A,214,LYS,sidechain,100.0
A,218,GLN,sidechain,A,221,LYS,sidechain,100.0
A,218,GLN,sidechain,A,206,LEU,sidechain,100.0
A,218,GLN,sidechain,A,219,LEU,sidechain,100.0
A,323,GLN,sidechain,A,325,GLU,sidechain,100.0
A,356,GLN,sidechain,A,149,ALA,sidechain,100.0
A,356,GLN,sidechain,A,347,ASP,sidechain,100.0
A,356,GLN,sidechain,A,147,PHE,sidechain,100.0
A,356,GLN,sidechain,A,350,PHE,sidechain,100.0
A,356,GLN,sidechain,A,358,HIS,sidechain,100.0
A,356,GLN,sidechain,A,348,LEU,sidechain,100.0
A,356,GLN,sidechain,A,359,PRO,sidechain,100.0
A,49,ARG,sidechain,A,50,GLU,sidechain,100.0
A,52,ARG,sidechain,A,71,ALA,sidechain,100.0
A,52,ARG,sidechain,A,48,GLU,sidechain,100.0
A,52,ARG,sidechain,A,51,LEU,sidechain,100.0
A,76,ARG,sidechain,A,78,ASP,sidechain,100.0
A,76,ARG,sidechain,A,75,ASN,sidechain,100.0
A,94,ARG,sidechain,A,316,ALA,sidechain,100.0
A,94,ARG,sidechain,A,318,ALA,sidechain,100.0
A,94,ARG,sidechain,A,315,GLU,sidechain,100.0
A,244,ARG,sidechain,A,243,ALA,sidechain,100.0
A,244,ARG,sidechain,A,271,GLU,sidechain,100.0
A,244,ARG,sidechain,A,240,LEU,sidechain,100.0
A,244,ARG,sidechain,A,273,PRO,sidechain,100.0
A,291,ARG,sidechain,A,290,ALA,sidechain,100.0
A,291,ARG,sidechain,A,283,ASP,sidechain,100.0
A,291,ARG,sidechain,A,147,PHE,sidechain,100.0
A,291,ARG,sidechain,A,128,HIS,sidechain,100.0
A,291,ARG,sidechain,A,127,ILE,sidechain,100.0
A,291,ARG,sidechain,A,288,LEU,sidechain,100.0
A,293,ARG,sidechain,A,290,ALA,sidechain,100.0
A,293,ARG,sidechain,A,294,ASP,sidechain,100.0
A,293,ARG,sidechain,A,344,ASP,sidechain,100.0
A,293,ARG,sidechain,A,289,GLU,sidechain,100.0
A,293,ARG,sidechain,A,54,LEU,sidechain,100.0
A,293,ARG,sidechain,A,59,GLN,sidechain,100.0
A,360,ARG,sidechain,A,282,ASP,sidechain,100.0
A,360,ARG,sidechain,A,285,ASP,sidechain,100.0
A,360,ARG,sidechain,A,379,GLU,sidechain,100.0
A,360,ARG,sidechain,A,346,LYS,sidechain,100.0
A,370,ARG,sidechain,A,268,ILE,sidechain,100.0
A,370,ARG,sidechain,A,270,LYS,sidechain,100.0
A,370,ARG,sidechain,A,366,LEU,sidechain,100.0
A,386,ARG,sidechain,A,373,GLU,sidechain,100.0
A,386,ARG,sidechain,A,387,HIS,sidechain,100.0
A,43,SER,sidechain,A,45,ASP,sidechain,100.0
A,43,SER,sidechain,A,103,ASP,sidechain,100.0
A,43,SER,sidechain,A,44,HIS,sidechain,100.0
A,43,SER,sidechain,A,128,HIS,sidechain,100.0
A,43,SER,sidechain,A,40,LEU,sidechain,100.0
A,43,SER,sidechain,A,73,LEU,sidechain,100.0
A,43,SER,sidechain,A,288,LEU,sidechain,100.0
A,81,SER,sidechain,A,78,ASP,sidechain,100.0
A,81,SER,sidechain,A,85,HIS,sidechain,100.0
A,81,SER,sidechain,A,80,LYS,sidechain,100.0
A,81,SER,sidechain,A,82,LEU,sidechain,100.0
A,81,SER,sidechain,A,74,MET,sidechain,100.0
A,81,SER,sidechain,A,79,PRO,sidechain,100.0
A,81,SER,sidechain,A,76,ARG,sidechain,100.0
A,91,SER,sidechain,A,93,ALA,sidechain,100.0
A,91,SER,sidechain,A,318,ALA,sidechain,100.0
A,91,SER,sidechain,A,87,CYS,sidechain,100.0
A,91,SER,sidechain,A,320,CYS,sidechain,100.0
A,91,SER,sidechain,A,88,ASP,sidechain,100.0
A,91,SER,sidechain,A,90,MET,sidechain,100.0
A,117,SER,sidechain,A,114,ASP,sidechain,100.0
A,117,SER,sidechain,A,139,ASP,sidechain,100.0
A,117,SER,sidechain,A,121,PHE,sidechain,100.0
A,117,SER,sidechain,A,144,PHE,sidechain,100.0
A,117,SER,sidechain,A,116,ILE,sidechain,100.0
A,117,SER,sidechain,A,124,ILE,sidechain,100.0
A,117,SER,sidechain,A,113,LEU,sidechain,100.0
A,117,SER,sidechain,A,123,PRO,sidechain,100.0
A,118,SER,sidechain,A,114,ASP,sidechain,100.0
A,118,SER,sidechain,A,139,ASP,sidechain,100.0
A,118,SER,sidechain,A,115,PHE,sidechain,100.0
A,118,SER,sidechain,A,121,PHE,sidechain,100.0
A,118,SER,sidechain,A,119,HIS,sidechain,100.0
A,118,SER,sidechain,A,117,SER,sidechain,100.0
A,132,SER,sidechain,A,110,ALA,sidechain,100.0
A,132,SER,sidechain,A,131,ALA,sidechain,100.0
A,132,SER,sidechain,A,102,ASP,sidechain,100.0
A,132,SER,sidechain,A,283,ASP,sidechain,100.0
A,132,SER,sidechain,A,147,PHE,sidechain,100.0
A,132,SER,sidechain,A,128,HIS,sidechain,100.0
A,132,SER,sidechain,A,127,ILE,sidechain,100.0
A,132,SER,sidechain,A,133,MET,sidechain,100.0
A,132,SER,sidechain,A,146,GLN,sidechain,100.0
A,132,SER,sidechain,A,291,ARG,sidechain,100.0
A,142,SER,sidechain,A,114,ASP,sidechain,100.0
A,142,SER,sidechain,A,139,ASP,sidechain,100.0
A,142,SER,sidechain,A,144,PHE,sidechain,100.0
A,142,SER,sidechain,A,124,ILE,sidechain,100.0
A,142,SER,sidechain,A,138,LYS,sidechain,100.0
A,142,SER,sidechain,A,140,PRO,sidechain,100.0
A,142,SER,sidechain,A,117,SER,sidechain,100.0
A,142,SER,sidechain,A,118,SER,sidechain,100.0
A,150,SER,sidechain,A,149,ALA,sidechain,100.0
A,150,SER,sidechain,A,353,GLU,sidechain,100.0
A,150,SER,sidechain,A,134,ILE,sidechain,100.0
A,150,SER,sidechain,A,151,ILE,sidechain,100.0
A,150,SER,sidechain,A,359,PRO,sidechain,100.0
A,150,SER,sidechain,A,152,GLN,sidechain,100.0
A,150,SER,sidechain,A,153,GLN,sidechain,100.0
A,150,SER,sidechain,A,154,GLN,sidechain,100.0
A,171,SER,sidechain,A,170,PHE,sidechain,100.0
A,171,SER,sidechain,A,204,ILE,sidechain,100.0
A,171,SER,sidechain,A,222,ILE,sidechain,100.0
A,171,SER,sidechain,A,227,ILE,sidechain,100.0
A,171,SER,sidechain,A,172,LEU,sidechain,100.0
A,171,SER,sidechain,A,200,MET,sidechain,100.0
A,171,SER,sidechain,A,202,ASN,sidechain,100.0
A,171,SER,sidechain,A,201,GLN,sidechain,100.0
A,185,SER,sidechain,A,182,GLU,sidechain,100.0
A,185,SER,sidechain,A,186,PHE,sidechain,100.0
A,185,SER,sidechain,A,184,ILE,sidechain,100.0
A,185,SER,sidechain,A,188,LYS,sidechain,100.0
A,194,SER,sidechain,A,195,PHE,sidechain,100.0
A,194,SER,sidechain,A,159,LEU,sidechain,100.0
A,194,SER,sidechain,A,193,ASN,sidechain,100.0
A,194,SER,sidechain,A,163,GLN,sidechain,100.0
A,209,SER,sidechain,A,207,ASP,sidechain,100.0
A,209,SER,sidechain,A,210,PHE,sidechain,100.0
A,209,SER,sidechain,A,176,ILE,sidechain,100.0
A,224,SER,sidechain,A,170,PHE,sidechain,100.0
A,224,SER,sidechain,A,253,PHE,sidechain,100.0
A,224,SER,sidechain,A,223,HIS,sidechain,100.0
A,224,SER,sidechain,A,222,ILE,sidechain,100.0
A,224,SER,sidechain,A,227,ILE,sidechain,100.0
A,224,SER,sidechain,A,202,ASN,sidechain,100.0
A,224,SER,sidechain,A,201,GLN,sidechain,100.0
A,224,SER,sidechain,A,171,SER,sidechain,100.0
A,225,SER,sidechain,A,252,ASP,sidechain,100.0
A,225,SER,sidechain,A,253,PHE,sidechain,100.0
A,225,SER,sidechain,A,254,PHE,sidechain,100.0
A,225,SER,sidechain,A,224,SER,sidechain,100.0
A,232,SER,sidechain,A,236,ALA,sidechain,100.0
A,232,SER,sidechain,A,231,CYS,sidechain,100.0
A,232,SER,sidechain,A,234,ASP,sidechain,100.0
A,232,SER,sidechain,A,107,GLU,sidechain,100.0
A,232,SER,sidechain,A,235,GLU,sidechain,100.0
A,232,SER,sidechain,A,177,PHE,sidechain,100.0
A,232,SER,sidechain,A,233,LYS,sidechain,100.0
A,232,SER,sidechain,A,260,LEU,sidechain,100.0
A,241,SER,sidechain,A,243,ALA,sidechain,100.0
A,241,SER,sidechain,A,242,GLU,sidechain,100.0
A,241,SER,sidechain,A,271,GLU,sidechain,100.0
A,241,SER,sidechain,A,239,ILE,sidechain,100.0
A,241,SER,sidechain,A,238,LEU,sidechain,100.0
A,241,SER,sidechain,A,240,LEU,sidechain,100.0
A,241,SER,sidechain,A,244,ARG,sidechain,100.0
A,245,SER,sidechain,A,243,ALA,sidechain,100.0
A,245,SER,sidechain,A,242,GLU,sidechain,100.0
A,245,SER,sidechain,A,246,LEU,sidechain,100.0
A,245,SER,sidechain,A,216,GLN,sidechain,100.0
A,245,SER,sidechain,A,241,SER,sidechain,100.0
A,259,SER,sidechain,A,149,ALA,sidechain,100.0
A,259,SER,sidechain,A,134,ILE,sidechain,100.0
A,259,SER,sidechain,A,260,LEU,sidechain,100.0
A,259,SER,sidechain,A,361,LEU,sidechain,100.0
A,259,SER,sidechain,A,133,MET,sidechain,100.0
A,259,SER,sidechain,A,258,PRO,sidechain,100.0
A,259,SER,sidechain,A,154,GLN,sidechain,100.0
A,259,SER,sidechain,A,132,SER,sidechain,100.0
A,262,SER,sidechain,A,364,ILE,sidechain,100.0
A,262,SER,sidechain,A,233,LYS,sidechain,100.0
A,262,SER,sidechain,A,258,PRO,sidechain,100.0
A,262,SER,sidechain,A,259,SER,sidechain,100.0
A,274,SER,sidechain,A,368,LYS,sidechain,100.0
A,274,SER,sidechain,A,366,LEU,sidechain,100.0
A,274,SER,sidechain,A,367,ASN,sidechain,100.0
A,274,SER,sidechain,A,273,PRO,sidechain,100.0
A,274,SER,sidechain,A,370,ARG,sidechain,100.0
A,278,SER,sidechain,A,277,ILE,sidechain,100.0
A,278,SER,sidechain,A,364,ILE,sidechain,100.0
A,278,SER,sidechain,A,276,LEU,sidechain,100.0
A,278,SER,sidechain,A,258,PRO,sidechain,100.0
A,278,SER,sidechain,A,259,SER,sidechain,100.0
A,278,SER,sidechain,A,262,SER,sidechain,100.0
A,280,SER,sidechain,A,282,ASP,sidechain,100.0
A,280,SER,sidechain,A,283,ASP,sidechain,100.0
A,280,SER,sidechain,A,364,ILE,sidechain,100.0
A,280,SER,sidechain,A,361,LEU,sidechain,100.0
A,280,SER,sidechain,A,259,SER,sidechain,100.0
A,280,SER,sidechain,A,262,SER,sidechain,100.0
A,280,SER,sidechain,A,278,SER,sidechain,100.0
A,287,SER,sidechain,A,290,ALA,sidechain,100.0
A,287,SER,sidechain,A,289,GLU,sidechain,100.0
A,287,SER,sidechain,A,288,LEU,sidechain,100.0
A,287,SER,sidechain,A,291,ARG,sidechain,100.0
A,304,SER,sidechain,A,303,ALA,sidechain,100.0
A,304,SER,sidechain,A,308,GLU,sidechain,100.0
A,304,SER,sidechain,A,63,LEU,sidechain,100.0
A,304,SER,sidechain,A,65,LEU,sidechain,100.0
A,304,SER,sidechain,A,307,LEU,sidechain,100.0
A,304,SER,sidechain,A,64,PRO,sidechain,100.0
A,305,SER,sidechain,A,302,ALA,sidechain,100.0
A,305,SER,sidechain,A,303,ALA,sidechain,100.0
A,305,SER,sidechain,A,308,GLU,sidechain,100.0
A,305,SER,sidechain,A,337,PHE,sidechain,100.0
A,305,SER,sidechain,A,309,LYS,sidechain,100.0
A,305,SER,sidechain,A,304,SER,sidechain,100.0
A,311,SER,sidechain,A,307,LEU,sidechain,100.0
A,319,SER,sidechain,A,318,ALA,sidechain,100.0
A,319,SER,sidechain,A,87,CYS,sidechain,100.0
A,319,SER,sidechain,A,320,CYS,sidechain,100.0
A,319,SER,sidechain,A,90,MET,sidechain,100.0
A,319,SER,sidechain,A,91,SER,sidechain,100.0
A,349,SER,sidechain,A,347,ASP,sidechain,100.0
A,349,SER,sidechain,A,350,PHE,sidechain,100.0
A,349,SER,sidechain,A,358,HIS,sidechain,100.0
A,349,SER,sidechain,A,348,LEU,sidechain,100.0
A,349,SER,sidechain,A,340,ASN,sidechain,100.0
A,349,SER,sidechain,A,356,GLN,sidechain,100.0
A,384,SER,sidechain,A,377,LYS,sidechain,100.0
A,384,SER,sidechain,A,383,LEU,sidechain,100.0
A,384,SER,sidechain,A,385,LEU,sidechain,100.0
A,47,THR,sidechain,A,48,GLU,sidechain,100.0
A,47,THR,sidechain,A,50,GLU,sidechain,100.0
A,47,THR,sidechain,A,51,LEU,sidechain,100.0
A,47,THR,sidechain,A,73,LEU,sidechain,100.0
A,47,THR,sidechain,A,49,ARG,sidechain,100.0
A,53,THR,sidechain,A,50,GLU,sidechain,100.0
A,53,THR,sidechain,A,54,LEU,sidechain,100.0
A,77,THR,sidechain,A,78,ASP,sidechain,100.0
A,77,THR,sidechain,A,102,ASP,sidechain,100.0
A,77,THR,sidechain,A,100,PHE,sidechain,100.0
A,77,THR,sidechain,A,42,HIS,sidechain,100.0
A,77,THR,sidechain,A,82,LEU,sidechain,100.0
A,77,THR,sidechain,A,74,MET,sidechain,100.0
A,77,THR,sidechain,A,112,MET,sidechain,100.0
A,77,THR,sidechain,A,106,GLN,sidechain,100.0
A,77,THR,sidechain,A,81,SER,sidechain,100.0
A,84,THR,sidechain,A,87,CYS,sidechain,100.0
A,84,THR,sidechain,A,88,ASP,sidechain,100.0
A,84,THR,sidechain,A,85,HIS,sidechain,100.0
A,84,THR,sidechain,A,83,ILE,sidechain,100.0
A,84,THR,sidechain,A,80,LYS,sidechain,100.0
A,84,THR,sidechain,A,81,SER,sidechain,100.0
A,104,THR,sidechain,A,102,ASP,sidechain,100.0
A,104,THR,sidechain,A,103,ASP,sidechain,100.0
A,104,THR,sidechain,A,105,ASP,sidechain,100.0
A,104,THR,sidechain,A,42,HIS,sidechain,100.0
A,104,THR,sidechain,A,106,GLN,sidechain,100.0
A,104,THR,sidechain,A,77,THR,sidechain,100.0
A,120,THR,sidechain,A,87,CYS,sidechain,100.0
A,120,THR,sidechain,A,320,CYS,sidechain,100.0
A,120,THR,sidechain,A,121,PHE,sidechain,100.0
A,120,THR,sidechain,A,119,HIS,sidechain,100.0
A,120,THR,sidechain,A,116,ILE,sidechain,100.0
A,120,THR,sidechain,A,124,ILE,sidechain,100.0
A,120,THR,sidechain,A,317,LYS,sidechain,100.0
A,120,THR,sidechain,A,90,MET,sidechain,100.0
A,120,THR,sidechain,A,117,SER,sidechain,100.0
A,120,THR,sidechain,A,118,SER,sidechain,100.0
A,141,THR,sidechain,A,139,ASP,sidechain,100.0
A,141,THR,sidechain,A,121,PHE,sidechain,100.0
A,141,THR,sidechain,A,140,PRO,sidechain,100.0
A,141,THR,sidechain,A,118,SER,sidechain,100.0
A,141,THR,sidechain,A,142,SER,sidechain,100.0
A,143,THR,sidechain,A,121,PHE,sidechain,100.0
A,143,THR,sidechain,A,145,PHE,sidechain,100.0
A,143,THR,sidechain,A,335,HIS,sidechain,100.0
A,143,THR,sidechain,A,124,ILE,sidechain,100.0
A,143,THR,sidechain,A,334,LEU,sidechain,100.0
A,143,THR,sidechain,A,338,MET,sidechain,100.0
A,143,THR,sidechain,A,123,PRO,sidechain,100.0
A,143,THR,sidechain,A,117,SER,sidechain,100.0
A,143,THR,sidechain,A,142,SER,sidechain,100.0
A,156,THR,sidechain,A,155,ALA,sidechain,100.0
A,156,THR,sidechain,A,186,PHE,sidechain,100.0
A,156,THR,sidechain,A,160,LYS,sidechain,100.0
A,156,THR,sidechain,A,159,LEU,sidechain,100.0
A,156,THR,sidechain,A,153,GLN,sidechain,100.0
A,174,THR,sidechain,A,231,CYS,sidechain,100.0
A,174,THR,sidechain,A,183,PHE,sidechain,100.0
A,174,THR,sidechain,A,184,ILE,sidechain,100.0
A,174,THR,sidechain,A,172,LEU,sidechain,100.0
A,174,THR,sidechain,A,206,LEU,sidechain,100.0
A,175,THR,sidechain,A,231,CYS,sidechain,100.0
A,175,THR,sidechain,A,235,GLU,sidechain,100.0
A,175,THR,sidechain,A,177,PHE,sidechain,100.0
A,175,THR,sidechain,A,176,ILE,sidechain,100.0
A,175,THR,sidechain,A,239,ILE,sidechain,100.0
A,175,THR,sidechain,A,206,LEU,sidechain,100.0
A,175,THR,sidechain,A,229,LEU,sidechain,100.0
A,175,THR,sidechain,A,232,SER,sidechain,100.0
A,175,THR,sidechain,A,174,THR,sidechain,100.0
A,189,THR,sidechain,A,192,ASP,sidechain,100.0
A,189,THR,sidechain,A,186,PHE,sidechain,100.0
A,189,THR,sidechain,A,188,LYS,sidechain,100.0
A,189,THR,sidechain,A,193,ASN,sidechain,100.0
A,189,THR,sidechain,A,185,SER,sidechain,100.0
A,190,THR,sidechain,A,155,ALA,sidechain,100.0
A,190,THR,sidechain,A,186,PHE,sidechain,100.0
A,190,THR,sidechain,A,159,LEU,sidechain,100.0
A,190,THR,sidechain,A,193,ASN,sidechain,100.0
A,190,THR,sidechain,A,194,SER,sidechain,100.0
A,190,THR,sidechain,A,156,THR,sidechain,100.0
A,190,THR,sidechain,A,189,THR,sidechain,100.0
A,205,THR,sidechain,A,176,ILE,sidechain,100.0
A,205,THR,sidechain,A,184,ILE,sidechain,100.0
A,205,THR,sidechain,A,204,ILE,sidechain,100.0
A,205,THR,sidechain,A,206,LEU,sidechain,100.0
A,205,THR,sidechain,A,218,GLN,sidechain,100.0
A,205,THR,sidechain,A,174,THR,sidechain,100.0
A,208,THR,sidechain,A,231,CYS,sidechain,100.0
A,208,THR,sidechain,A,207,ASP,sidechain,100.0
A,208,THR,sidechain,A,235,GLU,sidechain,100.0
A,208,THR,sidechain,A,176,ILE,sidechain,100.0
A,208,THR,sidechain,A,239,ILE,sidechain,100.0
A,208,THR,sidechain,A,206,LEU,sidechain,100.0
A,208,THR,sidechain,A,238,LEU,sidechain,100.0
A,208,THR,sidechain,A,209,SER,sidechain,100.0
A,208,THR,sidechain,A,232,SER,sidechain,100.0
A,208,THR,sidechain,A,175,THR,sidechain,100.0
A,215,THR,sidechain,A,213,ALA,sidechain,100.0
A,215,THR,sidechain,A,212,ASP,sidechain,100.0
A,215,THR,sidechain,A,242,GLU,sidechain,100.0
A,215,THR,sidechain,A,239,ILE,sidechain,100.0
A,215,THR,sidechain,A,214,LYS,sidechain,100.0
A,215,THR,sidechain,A,206,LEU,sidechain,100.0
A,215,THR,sidechain,A,219,LEU,sidechain,100.0
A,215,THR,sidechain,A,216,GLN,sidechain,100.0
A,215,THR,sidechain,A,218,GLN,sidechain,100.0
A,215,THR,sidechain,A,208,THR,sidechain,100.0
A,249,THR,sidechain,A,243,ALA,sidechain,100.0
A,249,THR,sidechain,A,253,PHE,sidechain,100.0
A,249,THR,sidechain,A,240,LEU,sidechain,100.0
A,249,THR,sidechain,A,248,LEU,sidechain,100.0
A,249,THR,sidechain,A,273,PRO,sidechain,100.0
A,249,THR,sidechain,A,244,ARG,sidechain,100.0
A,265,THR,sidechain,A,283,ASP,sidechain,100.0
A,265,THR,sidechain,A,266,GLU,sidechain,100.0
A,265,THR,sidechain,A,268,ILE,sidechain,100.0
A,265,THR,sidechain,A,364,ILE,sidechain,100.0
A,265,THR,sidechain,A,264,ASN,sidechain,100.0
A,265,THR,sidechain,A,262,SER,sidechain,100.0
A,265,THR,sidechain,A,280,SER,sidechain,100.0
A,300,THR,sidechain,A,302,ALA,sidechain,100.0
A,300,THR,sidechain,A,303,ALA,sidechain,100.0
A,300,THR,sidechain,A,36,ILE,sidechain,100.0
A,300,THR,sidechain,A,296,ILE,sidechain,100.0
A,300,THR,sidechain,A,34,LEU,sidechain,100.0
A,300,THR,sidechain,A,63,LEU,sidechain,100.0
A,300,THR,sidechain,A,65,LEU,sidechain,100.0
A,300,THR,sidechain,A,299,LEU,sidechain,100.0
A,300,THR,sidechain,A,304,SER,sidechain,100.0
A,301,THR,sidechain,A,302,ALA,sidechain,100.0
A,301,THR,sidechain,A,303,ALA,sidechain,100.0
A,301,THR,sidechain,A,298,ILE,sidechain,100.0
A,301,THR,sidechain,A,63,LEU,sidechain,100.0
A,301,THR,sidechain,A,304,SER,sidechain,100.0
A,301,THR,sidechain,A,305,SER,sidechain,100.0
A,301,THR,sidechain,A,300,THR,sidechain,100.0
A,333,THR,sidechain,A,310,PHE,sidechain,100.0
A,333,THR,sidechain,A,337,PHE,sidechain,100.0
A,333,THR,sidechain,A,332,HIS,sidechain,100.0
A,333,THR,sidechain,A,334,LEU,sidechain,100.0
A,333,THR,sidechain,A,306,MET,sidechain,100.0
A,333,THR,sidechain,A,331,MET,sidechain,100.0
A,333,THR,sidechain,A,314,PRO,sidechain,100.0
A,333,THR,sidechain,A,330,PRO,sidechain,100.0
A,333,THR,sidechain,A,336,PRO,sidechain,100.0
A,342,THR,sidechain,A,347,ASP,sidechain,100.0
A,342,THR,sidechain,A,348,LEU,sidechain,100.0
A,342,THR,sidechain,A,340,ASN,sidechain,100.0
A,342,THR,sidechain,A,349,SER,sidechain,100.0
A,342,THR,sidechain,A,301,THR,sidechain,100.0
A,351,THR,sidechain,A,352,GLU,sidechain,100.0
A,351,THR,sidechain,A,353,GLU,sidechain,100.0
A,351,THR,sidechain,A,350,PHE,sidechain,100.0
A,351,THR,sidechain,A,153,GLN,sidechain,100.0
A,351,THR,sidechain,A,150,SER,sidechain,100.0
A,382,THR,sidechain,A,379,GLU,sidechain,100.0
A,382,THR,sidechain,A,381,HIS,sidechain,100.0
A,382,THR,sidechain,A,383,LEU,sidechain,100.0
A,382,THR,sidechain,A,380,ASN,sidechain,100.0
A,382,THR,sidechain,A,384,SER,sidechain,100.0
A,38,VAL,sidechain,A,37,ALA,sidechain,100.0
A,38,VAL,sidechain,A,71,ALA,sidechain,100.0
A,38,VAL,sidechain,A,36,ILE,sidechain,100.0
A,38,VAL,sidechain,A,127,ILE,sidechain,100.0
A,38,VAL,sidechain,A,296,ILE,sidechain,100.0
A,38,VAL,sidechain,A,40,LEU,sidechain,100.0
A,38,VAL,sidechain,A,51,LEU,sidechain,100.0
A,38,VAL,sidechain,A,98,LEU,sidechain,100.0
A,38,VAL,sidechain,A,39,MET,sidechain,100.0
A,46,VAL,sidechain,A,45,ASP,sidechain,100.0
A,46,VAL,sidechain,A,50,GLU,sidechain,100.0
A,46,VAL,sidechain,A,289,GLU,sidechain,100.0
A,46,VAL,sidechain,A,40,LEU,sidechain,100.0
A,46,VAL,sidechain,A,51,LEU,sidechain,100.0
A,46,VAL,sidechain,A,54,LEU,sidechain,100.0
A,46,VAL,sidechain,A,73,LEU,sidechain,100.0
A,46,VAL,sidechain,A,288,LEU,sidechain,100.0
A,46,VAL,sidechain,A,43,SER,sidechain,100.0
A,46,VAL,sidechain,A,47,THR,sidechain,100.0
A,67,VAL,sidechain,A,60,ALA,sidechain,100.0
A,67,VAL,sidechain,A,66,ASP,sidechain,100.0
A,67,VAL,sidechain,A,36,ILE,sidechain,100.0
A,67,VAL,sidechain,A,296,ILE,sidechain,100.0
A,67,VAL,sidechain,A,34,LEU,sidechain,100.0
A,67,VAL,sidechain,A,63,LEU,sidechain,100.0
A,67,VAL,sidechain,A,65,LEU,sidechain,100.0
A,67,VAL,sidechain,A,68,ASN,sidechain,100.0
A,67,VAL,sidechain,A,300,THR,sidechain,100.0
A,69,VAL,sidechain,A,71,ALA,sidechain,100.0
A,69,VAL,sidechain,A,36,ILE,sidechain,100.0
A,69,VAL,sidechain,A,296,ILE,sidechain,100.0
A,69,VAL,sidechain,A,51,LEU,sidechain,100.0
A,69,VAL,sidechain,A,68,ASN,sidechain,100.0
A,69,VAL,sidechain,A,52,ARG,sidechain,100.0
A,69,VAL,sidechain,A,38,VAL,sidechain,100.0
A,69,VAL,sidechain,A,67,VAL,sidechain,100.0
A,70,VAL,sidechain,A,37,ALA,sidechain,100.0
A,70,VAL,sidechain,A,71,ALA,sidechain,100.0
A,70,VAL,sidechain,A,93,ALA,sidechain,100.0
A,70,VAL,sidechain,A,95,ILE,sidechain,100.0
A,70,VAL,sidechain,A,72,LEU,sidechain,100.0
A,70,VAL,sidechain,A,89,LEU,sidechain,100.0
A,70,VAL,sidechain,A,35,ASN,sidechain,100.0
A,70,VAL,sidechain,A,68,ASN,sidechain,100.0
A,70,VAL,sidechain,A,52,ARG,sidechain,100.0
A,70,VAL,sidechain,A,38,VAL,sidechain,100.0
A,70,VAL,sidechain,A,69,VAL,sidechain,100.0
A,86,VAL,sidechain,A,37,ALA,sidechain,100.0
A,86,VAL,sidechain,A,87,CYS,sidechain,100.0
A,86,VAL,sidechain,A,320,CYS,sidechain,100.0
A,86,VAL,sidechain,A,83,ILE,sidechain,100.0
A,86,VAL,sidechain,A,95,ILE,sidechain,100.0
A,86,VAL,sidechain,A,116,ILE,sidechain,100.0
A,86,VAL,sidechain,A,124,ILE,sidechain,100.0
A,86,VAL,sidechain,A,82,LEU,sidechain,100.0
A,86,VAL,sidechain,A,89,LEU,sidechain,100.0
A,86,VAL,sidechain,A,98,LEU,sidechain,100.0
A,86,VAL,sidechain,A,113,LEU,sidechain,100.0
A,86,VAL,sidechain,A,39,MET,sidechain,100.0
A,86,VAL,sidechain,A,90,MET,sidechain,100.0
A,86,VAL,sidechain,A,120,THR,sidechain,100.0
A,99,VAL,sidechain,A,37,ALA,sidechain,100.0
A,99,VAL,sidechain,A,36,ILE,sidechain,100.0
A,99,VAL,sidechain,A,127,ILE,sidechain,100.0
A,99,VAL,sidechain,A,296,ILE,sidechain,100.0
A,99,VAL,sidechain,A,98,LEU,sidechain,100.0
A,99,VAL,sidechain,A,125,LEU,sidechain,100.0
A,99,VAL,sidechain,A,299,LEU,sidechain,100.0
A,99,VAL,sidechain,A,38,VAL,sidechain,100.0
A,109,VAL,sidechain,A,108,ALA,sidechain,100.0
A,109,VAL,sidechain,A,110,ALA,sidechain,100.0
A,109,VAL,sidechain,A,131,ALA,sidechain,100.0
A,109,VAL,sidechain,A,102,ASP,sidechain,100.0
A,109,VAL,sidechain,A,100,PHE,sidechain,100.0
A,109,VAL,sidechain,A,82,LEU,sidechain,100.0
A,109,VAL,sidechain,A,113,LEU,sidechain,100.0
A,109,VAL,sidechain,A,112,MET,sidechain,100.0
A,109,VAL,sidechain,A,133,MET,sidechain,100.0
A,109,VAL,sidechain,A,106,GLN,sidechain,100.0
A,109,VAL,sidechain,A,77,THR,sidechain,100.0
A,109,VAL,sidechain,A,104,THR,sidechain,100.0
A,122,VAL,sidechain,A,316,ALA,sidechain,100.0
A,122,VAL,sidechain,A,95,ILE,sidechain,100.0
A,122,VAL,sidechain,A,124,ILE,sidechain,100.0
A,122,VAL,sidechain,A,317,LYS,sidechain,100.0
A,122,VAL,sidechain,A,98,LEU,sidechain,100.0
A,122,VAL,sidechain,A,90,MET,sidechain,100.0
A,122,VAL,sidechain,A,123,PRO,sidechain,100.0
A,122,VAL,sidechain,A,117,SER,sidechain,100.0
A,122,VAL,sidechain,A,120,THR,sidechain,100.0
A,122,VAL,sidechain,A,143,THR,sidechain,100.0
A,122,VAL,sidechain,A,86,VAL,sidechain,100.0
A,157,VAL,sidechain,A,149,ALA,sidechain,100.0
A,157,VAL,sidechain,A,161,ILE,sidechain,100.0
A,157,VAL,sidechain,A,160,LYS,sidechain,100.0
A,157,VAL,sidechain,A,361,LEU,sidechain,100.0
A,157,VAL,sidechain,A,383,LEU,sidechain,100.0
A,157,VAL,sidechain,A,158,MET,sidechain,100.0
A,157,VAL,sidechain,A,154,GLN,sidechain,100.0
A,157,VAL,sidechain,A,156,THR,sidechain,100.0
A,169,VAL,sidechain,A,199,ASP,sidechain,100.0
A,169,VAL,sidechain,A,170,PHE,sidechain,100.0
A,169,VAL,sidechain,A,168,HIS,sidechain,100.0
A,169,VAL,sidechain,A,201,GLN,sidechain,100.0
A,169,VAL,sidechain,A,224,SER,sidechain,100.0
A,169,VAL,sidechain,A,225,SER,sidechain,100.0
A,173,VAL,sidechain,A,231,CYS,sidechain,100.0
A,173,VAL,sidechain,A,204,ILE,sidechain,100.0
A,173,VAL,sidechain,A,222,ILE,sidechain,100.0
A,173,VAL,sidechain,A,227,ILE,sidechain,100.0
A,173,VAL,sidechain,A,239,ILE,sidechain,100.0
A,173,VAL,sidechain,A,172,LEU,sidechain,100.0
A,173,VAL,sidechain,A,206,LEU,sidechain,100.0
A,173,VAL,sidechain,A,219,LEU,sidechain,100.0
A,173,VAL,sidechain,A,229,LEU,sidechain,100.0
A,173,VAL,sidechain,A,171,SER,sidechain,100.0
A,173,VAL,sidechain,A,174,THR,sidechain,100.0
A,187,VAL,sidechain,A,155,ALA,sidechain,100.0
A,187,VAL,sidechain,A,170,PHE,sidechain,100.0
A,187,VAL,sidechain,A,183,PHE,sidechain,100.0
A,187,VAL,sidechain,A,186,PHE,sidechain,100.0
A,187,VAL,sidechain,A,184,ILE,sidechain,100.0
A,187,VAL,sidechain,A,159,LEU,sidechain,100.0
A,187,VAL,sidechain,A,172,LEU,sidechain,100.0
A,187,VAL,sidechain,A,228,LEU,sidechain,100.0
A,187,VAL,sidechain,A,158,MET,sidechain,100.0
A,187,VAL,sidechain,A,200,MET,sidechain,100.0
A,187,VAL,sidechain,A,190,THR,sidechain,100.0
A,191,VAL,sidechain,A,192,ASP,sidechain,100.0
A,191,VAL,sidechain,A,170,PHE,sidechain,100.0
A,191,VAL,sidechain,A,188,LYS,sidechain,100.0
A,191,VAL,sidechain,A,159,LEU,sidechain,100.0
A,191,VAL,sidechain,A,200,MET,sidechain,100.0
A,191,VAL,sidechain,A,194,SER,sidechain,100.0
A,191,VAL,sidechain,A,190,THR,sidechain,100.0
A,191,VAL,sidechain,A,187,VAL,sidechain,100.0
A,196,VAL,sidechain,A,168,HIS,sidechain,100.0
A,196,VAL,sidechain,A,163,GLN,sidechain,100.0
A,196,VAL,sidechain,A,194,SER,sidechain,100.0
A,203,VAL,sidechain,A,184,ILE,sidechain,100.0
A,203,VAL,sidechain,A,204,ILE,sidechain,100.0
A,203,VAL,sidechain,A,172,LEU,sidechain,100.0
A,203,VAL,sidechain,A,200,MET,sidechain,100.0
A,203,VAL,sidechain,A,202,ASN,sidechain,100.0
A,203,VAL,sidechain,A,171,SER,sidechain,100.0
A,203,VAL,sidechain,A,174,THR,sidechain,100.0
A,203,VAL,sidechain,A,205,THR,sidechain,100.0
A,217,VAL,sidechain,A,213,ALA,sidechain,100.0
A,217,VAL,sidechain,A,220,LYS,sidechain,100.0
A,217,VAL,sidechain,A,221,LYS,sidechain,100.0
A,217,VAL,sidechain,A,216,GLN,sidechain,100.0
A,217,VAL,sidechain,A,218,GLN,sidechain,100.0
A,226,VAL,sidechain,A,170,PHE,sidechain,100.0
A,226,VAL,sidechain,A,254,PHE,sidechain,100.0
A,226,VAL,sidechain,A,227,ILE,sidechain,100.0
A,226,VAL,sidechain,A,256,ILE,sidechain,100.0
A,226,VAL,sidechain,A,228,LEU,sidechain,100.0
A,226,VAL,sidechain,A,162,MET,sidechain,100.0
A,226,VAL,sidechain,A,224,SER,sidechain,100.0
A,226,VAL,sidechain,A,225,SER,sidechain,100.0
A,226,VAL,sidechain,A,169,VAL,sidechain,100.0
A,237,VAL,sidechain,A,236,ALA,sidechain,100.0
A,237,VAL,sidechain,A,234,ASP,sidechain,100.0
A,237,VAL,sidechain,A,271,GLU,sidechain,100.0
A,237,VAL,sidechain,A,272,PHE,sidechain,100.0
A,237,VAL,sidechain,A,233,LYS,sidechain,100.0
A,237,VAL,sidechain,A,238,LEU,sidechain,100.0
A,237,VAL,sidechain,A,240,LEU,sidechain,100.0
A,237,VAL,sidechain,A,269,PRO,sidechain,100.0
A,237,VAL,sidechain,A,241,SER,sidechain,100.0
A,257,VAL,sidechain,A,236,ALA,sidechain,100.0
A,257,VAL,sidechain,A,231,CYS,sidechain,100.0
A,257,VAL,sidechain,A,272,PHE,sidechain,100.0
A,257,VAL,sidechain,A,256,ILE,sidechain,100.0
A,257,VAL,sidechain,A,277,ILE,sidechain,100.0
A,257,VAL,sidechain,A,229,LEU,sidechain,100.0
A,257,VAL,sidechain,A,240,LEU,sidechain,100.0
A,257,VAL,sidechain,A,276,LEU,sidechain,100.0
A,257,VAL,sidechain,A,158,MET,sidechain,100.0
A,257,VAL,sidechain,A,258,PRO,sidechain,100.0
A,257,VAL,sidechain,A,262,SER,sidechain,100.0
A,257,VAL,sidechain,A,278,SER,sidechain,100.0
A,261,VAL,sidechain,A,236,ALA,sidechain,100.0
A,261,VAL,sidechain,A,231,CYS,sidechain,100.0
A,261,VAL,sidechain,A,272,PHE,sidechain,100.0
A,261,VAL,sidechain,A,233,LYS,sidechain,100.0
A,261,VAL,sidechain,A,229,LEU,sidechain,100.0
A,261,VAL,sidechain,A,240,LEU,sidechain,100.0
A,261,VAL,sidechain,A,260,LEU,sidechain,100.0
A,261,VAL,sidechain,A,276,LEU,sidechain,100.0
A,261,VAL,sidechain,A,258,PRO,sidechain,100.0
A,261,VAL,sidechain,A,232,SER,sidechain,100.0
A,261,VAL,sidechain,A,262,SER,sidechain,100.0
A,261,VAL,sidechain,A,278,SER,sidechain,100.0
A,261,VAL,sidechain,A,257,VAL,sidechain,100.0
A,279,VAL,sidechain,A,149,ALA,sidechain,100.0
A,279,VAL,sidechain,A,161,ILE,sidechain,100.0
A,279,VAL,sidechain,A,256,ILE,sidechain,100.0
A,279,VAL,sidechain,A,364,ILE,sidechain,100.0
A,279,VAL,sidechain,A,361,LEU,sidechain,100.0
A,279,VAL,sidechain,A,158,MET,sidechain,100.0
A,279,VAL,sidechain,A,258,PRO,sidechain,100.0
A,279,VAL,sidechain,A,154,GLN,sidechain,100.0
A,279,VAL,sidechain,A,259,SER,sidechain,100.0
A,279,VAL,sidechain,A,278,SER,sidechain,100.0
A,279,VAL,sidechain,A,280,SER,sidechain,100.0
A,279,VAL,sidechain,A,157,VAL,sidechain,100.0
A,292,VAL,sidechain,A,290,ALA,sidechain,100.0
A,292,VAL,sidechain,A,289,GLU,sidechain,100.0
A,292,VAL,sidechain,A,127,ILE,sidechain,100.0
A,292,VAL,sidechain,A,296,ILE,sidechain,100.0
A,292,VAL,sidechain,A,40,LEU,sidechain,100.0
A,292,VAL,sidechain,A,51,LEU,sidechain,100.0
A,292,VAL,sidechain,A,54,LEU,sidechain,100.0
A,292,VAL,sidechain,A,288,LEU,sidechain,100.0
A,292,VAL,sidechain,A,293,ARG,sidechain,100.0
A,292,VAL,sidechain,A,38,VAL,sidechain,100.0
A,292,VAL,sidechain,A,46,VAL,sidechain,100.0
A,292,VAL,sidechain,A,99,VAL,sidechain,100.0
A,329,VAL,sidechain,A,328,GLU,sidechain,100.0
A,329,VAL,sidechain,A,310,PHE,sidechain,100.0
A,329,VAL,sidechain,A,306,MET,sidechain,100.0
A,329,VAL,sidechain,A,331,MET,sidechain,100.0
A,329,VAL,sidechain,A,314,PRO,sidechain,100.0
A,329,VAL,sidechain,A,327,PRO,sidechain,100.0
A,329,VAL,sidechain,A,330,PRO,sidechain,100.0
A,329,VAL,sidechain,A,333,THR,sidechain,100.0
A,339,VAL,sidechain,A,352,GLU,sidechain,100.0
A,339,VAL,sidechain,A,145,PHE,sidechain,100.0
A,339,VAL,sidechain,A,350,PHE,sidechain,100.0
A,339,VAL,sidechain,A,335,HIS,sidechain,100.0
A,339,VAL,sidechain,A,340,ASN,sidechain,100.0
A,339,VAL,sidechain,A,336,PRO,sidechain,100.0
A,339,VAL,sidechain,A,349,SER,sidechain,100.0
A,339,VAL,sidechain,A,351,THR,sidechain,100.0
A,341,VAL,sidechain,A,302,ALA,sidechain,100.0
A,341,VAL,sidechain,A,350,PHE,sidechain,100.0
A,341,VAL,sidechain,A,298,ILE,sidechain,100.0
A,341,VAL,sidechain,A,348,LEU,sidechain,100.0
A,341,VAL,sidechain,A,338,MET,sidechain,100.0
A,341,VAL,sidechain,A,340,ASN,sidechain,100.0
A,341,VAL,sidechain,A,305,SER,sidechain,100.0
A,341,VAL,sidechain,A,349,SER,sidechain,100.0
A,341,VAL,sidechain,A,301,THR,sidechain,100.0
A,341,VAL,sidechain,A,342,THR,sidechain,100.0
A,357,VAL,sidechain,A,347,ASP,sidechain,100.0
A,357,VAL,sidechain,A,350,PHE,sidechain,100.0
A,357,VAL,sidechain,A,358,HIS,sidechain,100.0
A,357,VAL,sidechain,A,359,PRO,sidechain,100.0
A,357,VAL,sidechain,A,153,GLN,sidechain,100.0
A,357,VAL,sidechain,A,356,GLN,sidechain,100.0
A,357,VAL,sidechain,A,349,SER,sidechain,100.0
A,357,VAL,sidechain,A,351,THR,sidechain,100.0
A,362,VAL,sidechain,A,282,ASP,sidechain,100.0
A,362,VAL,sidechain,A,283,ASP,sidechain,100.0
A,362,VAL,sidechain,A,285,ASP,sidechain,100.0
A,362,VAL,sidechain,A,364,ILE,sidechain,100.0
A,362,VAL,sidechain,A,374,LYS,sidechain,100.0
A,362,VAL,sidechain,A,377,LYS,sidechain,100.0
A,362,VAL,sidechain,A,361,LEU,sidechain,100.0
A,362,VAL,sidechain,A,280,SER,sidechain,100.0
A,362,VAL,sidechain,A,279,VAL,sidechain,100.0
A,363,VAL,sidechain,A,161,ILE,sidechain,100.0
A,363,VAL,sidechain,A,277,ILE,sidechain,100.0
A,363,VAL,sidechain,A,364,ILE,sidechain,100.0
A,363,VAL,sidechain,A,383,LEU,sidechain,100.0
A,363,VAL,sidechain,A,385,LEU,sidechain,100.0
A,363,VAL,sidechain,A,278,SER,sidechain,100.0
A,363,VAL,sidechain,A,280,SER,sidechain,100.0
A,363,VAL,sidechain,A,157,VAL,sidechain,100.0
A,363,VAL,sidechain,A,279,VAL,sidechain,100.0
A,363,VAL,sidechain,A,362,VAL,sidechain,100.0
A,365,VAL,sidechain,A,373,GLU,sidechain,100.0
A,365,VAL,sidechain,A,277,ILE,sidechain,100.0
A,365,VAL,sidechain,A,364,ILE,sidechain,100.0
A,365,VAL,sidechain,A,366,LEU,sidechain,100.0
A,365,VAL,sidechain,A,363,VAL,sidechain,100.0
A,375,VAL,sidechain,A,373,GLU,sidechain,100.0
A,375,VAL,sidechain,A,387,HIS,sidechain,100.0
A,375,VAL,sidechain,A,277,ILE,sidechain,100.0
A,375,VAL,sidechain,A,364,ILE,sidechain,100.0
A,375,VAL,sidechain,A,385,LEU,sidechain,100.0
A,375,VAL,sidechain,A,386,ARG,sidechain,100.0
A,375,VAL,sidechain,A,363,VAL,sidechain,100.0
A,375,VAL,sidechain,A,365,VAL,sidechain,100.0
A,55,TRP,sidechain,A,60,ALA,sidechain,100.0
A,55,TRP,sidechain,A,36,ILE,sidechain,100.0
A,55,TRP,sidechain,A,296,ILE,sidechain,100.0
A,55,TRP,sidechain,A,63,LEU,sidechain,100.0
A,55,TRP,sidechain,A,59,GLN,sidechain,100.0
A,55,TRP,sidechain,A,293,ARG,sidechain,100.0
A,55,TRP,sidechain,A,300,THR,sidechain,100.0
A,55,TRP,sidechain,A,67,VAL,sidechain,100.0
A,55,TRP,sidechain,A,69,VAL,sidechain,100.0
A,167,TRP,sidechain,A,254,PHE,sidechain,100.0
A,167,TRP,sidechain,A,161,ILE,sidechain,100.0
A,167,TRP,sidechain,A,256,ILE,sidechain,100.0
A,167,TRP,sidechain,A,277,ILE,sidechain,100.0
A,167,TRP,sidechain,A,162,MET,sidechain,100.0
A,167,TRP,sidechain,A,225,SER,sidechain,100.0
A,167,TRP,sidechain,A,226,VAL,sidechain,100.0
A,198,TRP,sidechain,A,170,PHE,sidechain,100.0
A,198,TRP,sidechain,A,168,HIS,sidechain,100.0
A,198,TRP,sidechain,A,159,LEU,sidechain,100.0
A,198,TRP,sidechain,A,162,MET,sidechain,100.0
A,198,TRP,sidechain,A,163,GLN,sidechain,100.0
A,198,TRP,sidechain,A,194,SER,sidechain,100.0
A,198,TRP,sidechain,A,191,VAL,sidechain,100.0
A,198,TRP,sidechain,A,196,VAL,sidechain,100.0
A,255,TRP,sidechain,A,243,ALA,sidechain,100.0
A,255,TRP,sidechain,A,253,PHE,sidechain,100.0
A,255,TRP,sidechain,A,222,ILE,sidechain,100.0
A,255,TRP,sidechain,A,227,ILE,sidechain,100.0
A,255,TRP,sidechain,A,239,ILE,sidechain,100.0
A,255,TRP,sidechain,A,219,LEU,sidechain,100.0
A,255,TRP,sidechain,A,229,LEU,sidechain,100.0
A,255,TRP,sidechain,A,240,LEU,sidechain,100.0
A,255,TRP,sidechain,A,248,LEU,sidechain,100.0
A,255,TRP,sidechain,A,276,LEU,sidechain,100.0
A,255,TRP,sidechain,A,273,PRO,sidechain,100.0
A,255,TRP,sidechain,A,249,THR,sidechain,100.0
A,255,TRP,sidechain,A,173,VAL,sidechain,100.0
A,255,TRP,sidechain,A,257,VAL,sidechain,100.0
A,284,TRP,sidechain,A,282,ASP,sidechain,100.0
A,284,TRP,sidechain,A,283,ASP,sidechain,100.0
A,284,TRP,sidechain,A,285,ASP,sidechain,100.0
A,284,TRP,sidechain,A,364,ILE,sidechain,100.0
A,284,TRP,sidechain,A,374,LYS,sidechain,100.0
A,284,TRP,sidechain,A,280,SER,sidechain,100.0
A,284,TRP,sidechain,A,265,THR,sidechain,100.0
A,284,TRP,sidechain,A,362,VAL,sidechain,100.0
A,343,TRP,sidechain,A,294,ASP,sidechain,100.0
A,343,TRP,sidechain,A,344,ASP,sidechain,100.0
A,343,TRP,sidechain,A,298,ILE,sidechain,100.0
A,343,TRP,sidechain,A,346,LYS,sidechain,100.0
A,343,TRP,sidechain,A,63,LEU,sidechain,100.0
A,343,TRP,sidechain,A,348,LEU,sidechain,100.0
A,343,TRP,sidechain,A,59,GLN,sidechain,100.0
A,343,TRP,sidechain,A,300,THR,sidechain,100.0
A,343,TRP,sidechain,A,301,THR,sidechain,100.0
A,343,TRP,sidechain,A,55,TRP,sidechain,100.0
A,372,TRP,sidechain,A,272,PHE,sidechain,100.0
A,372,TRP,sidechain,A,268,ILE,sidechain,100.0
A,372,TRP,sidechain,A,364,ILE,sidechain,100.0
A,372,TRP,sidechain,A,276,LEU,sidechain,100.0
A,372,TRP,sidechain,A,366,LEU,sidechain,100.0
A,372,TRP,sidechain,A,262,SER,sidechain,100.0
A,372,TRP,sidechain,A,278,SER,sidechain,100.0
A,372,TRP,sidechain,A,280,SER,sidechain,100.0
A,372,TRP,sidechain,A,265,THR,sidechain,100.0
A,372,TRP,sidechain,A,365,VAL,sidechain,100.0
A,378,TRP,sidechain,A,381,HIS,sidechain,100.0
A,378,TRP,sidechain,A,160,LYS,sidechain,100.0
A,378,TRP,sidechain,A,361,LEU,sidechain,100.0
A,378,TRP,sidechain,A,383,LEU,sidechain,100.0
A,378,TRP,sidechain,A,359,PRO,sidechain,100.0
A,378,TRP,sidechain,A,156,THR,sidechain,100.0
A,378,TRP,sidechain,A,382,THR,sidechain,100.0
A,378,TRP,sidechain,A,157,VAL,sidechain,100.0
A,165,TYR,sidechain,A,164,ASP,sidechain,100.0
A,165,TYR,sidechain,A,161,ILE,sidechain,100.0
A,165,TYR,sidechain,A,277,ILE,sidechain,100.0
A,165,TYR,sidechain,A,385,LEU,sidechain,100.0
A,165,TYR,sidechain,A,167,TRP,sidechain,100.0
A,180,TYR,sidechain,A,176,ILE,sidechain,100.0
A,180,TYR,sidechain,A,184,ILE,sidechain,100.0
A,180,TYR,sidechain,A,181,ARG,sidechain,100.0
A,180,TYR,sidechain,A,174,THR,sidechain,100.0
A,180,TYR,sidechain,A,175,THR,sidechain,100.0
A,180,TYR,sidechain,A,205,THR,sidechain,100.0
A,230,TYR,sidechain,A,136,ALA,sidechain,100.0
A,230,TYR,sidechain,A,231,CYS,sidechain,100.0
A,230,TYR,sidechain,A,177,PHE,sidechain,100.0
A,230,TYR,sidechain,A,183,PHE,sidechain,100.0
A,230,TYR,sidechain,A,134,ILE,sidechain,100.0
A,230,TYR,sidechain,A,151,ILE,sidechain,100.0
A,230,TYR,sidechain,A,260,LEU,sidechain,100.0
A,230,TYR,sidechain,A,178,PRO,sidechain,100.0
A,230,TYR,sidechain,A,258,PRO,sidechain,100.0
A,230,TYR,sidechain,A,174,THR,sidechain,100.0
A,230,TYR,sidechain,A,175,THR,sidechain,100.0
A,251,TYR,sidechain,A,252,ASP,sidechain,100.0
A,281,TYR,sidechain,A,149,ALA,sidechain,100.0
A,281,TYR,sidechain,A,282,ASP,sidechain,100.0
A,281,TYR,sidechain,A,283,ASP,sidechain,100.0
A,281,TYR,sidechain,A,147,PHE,sidechain,100.0
A,281,TYR,sidechain,A,361,LEU,sidechain,100.0
A,281,TYR,sidechain,A,359,PRO,sidechain,100.0
A,281,TYR,sidechain,A,356,GLN,sidechain,100.0
A,281,TYR,sidechain,A,291,ARG,sidechain,100.0
A,281,TYR,sidechain,A,360,ARG,sidechain,100.0
A,281,TYR,sidechain,A,132,SER,sidechain,100.0
A,286,TYR,sidechain,A,290,ALA,sidechain,100.0
A,286,TYR,sidechain,A,282,ASP,sidechain,100.0
A,286,TYR,sidechain,A,294,ASP,sidechain,100.0
A,286,TYR,sidechain,A,147,PHE,sidechain,100.0
A,286,TYR,sidechain,A,346,LYS,sidechain,100.0
A,286,TYR,sidechain,A,348,LEU,sidechain,100.0
A,286,TYR,sidechain,A,356,GLN,sidechain,100.0
A,286,TYR,sidechain,A,291,ARG,sidechain,100.0
A,286,TYR,sidechain,A,360,ARG,sidechain,100.0
A,286,TYR,sidechain,A,287,SER,sidechain,100.0
A,286,TYR,sidechain,A,281,TYR,sidechain,100.0
A,312,TYR,sidechain,A,310,PHE,sidechain,100.0
A,312,TYR,sidechain,A,313,ILE,sidechain,100.0
A,312,TYR,sidechain,A,306,MET,sidechain,100.0
A,312,TYR,sidechain,A,314,PRO,sidechain,100.0
A,312,TYR,sidechain,A,311,SER,sidechain,100.0
A,312,TYR,sidechain,A,333,THR,sidechain,100.0
A,312,TYR,sidechain,A,329,VAL,sidechain,100.0
A,321,TYR,sidechain,A,87,CYS,sidechain,100.0
A,321,TYR,sidechain,A,320,CYS,sidechain,100.0
A,321,TYR,sidechain,A,91,SER,sidechain,100.0
A,321,TYR,sidechain,A,319,SER,sidechain,100.0
A,355,TYR,sidechain,A,149,ALA,sidechain,100.0
A,355,TYR,sidechain,A,353,GLU,sidechain,100.0
A,355,TYR,sidechain,A,134,ILE,sidechain,100.0
A,355,TYR,sidechain,A,151,ILE,sidechain,100.0
A,355,TYR,sidechain,A,138,LYS,sidechain,100.0
A,355,TYR,sidechain,A,135,MET,sidechain,100.0
A,355,TYR,sidechain,A,146,GLN,sidechain,100.0
A,355,TYR,sidechain,A,153,GLN,sidechain,100.0
A,355,TYR,sidechain,A,150,SER,sidechain,100.0
A,355,TYR,sidechain,A,351,THR,sidechain,100.0
