A,20,ALA,sidechain,A,17,ALA,sidechain,100.0
A,339,ALA,sidechain,A,337,ALA,sidechain,100.0
A,353,ALA,sidechain,A,352,ALA,sidechain,100.0
A,137,CYS,sidechain,A,105,CYS,sidechain,100.0
A,59,ASP,sidechain,A,353,ALA,sidechain,100.0
A,63,ASP,sidechain,A,353,ALA,sidechain,100.0
A,63,ASP,sidechain,A,59,ASP,sidechain,100.0
A,71,ASP,sidechain,A,72,ALA,sidechain,100.0
A,104,ASP,sidechain,A,105,CYS,sidechain,100.0
A,104,ASP,sidechain,A,137,CYS,sidechain,100.0
A,121,ASP,sidechain,A,118,ASP,sidechain,100.0
A,135,ASP,sidechain,A,105,CYS,sidechain,100.0
A,135,ASP,sidechain,A,137,CYS,sidechain,100.0
A,135,ASP,sidechain,A,163,CYS,sidechain,100.0
A,165,ASP,sidechain,A,163,CYS,sidechain,100.0
A,166,ASP,sidechain,A,165,ASP,sidechain,100.0
A,199,ASP,sidechain,A,198,ASP,sidechain,100.0
A,210,ASP,sidechain,A,213,ALA,sidechain,100.0
A,212,ASP,sidechain,A,213,ALA,sidechain,100.0
A,212,ASP,sidechain,A,210,ASP,sidechain,100.0
A,230,ASP,sidechain,A,227,ASP,sidechain,100.0
A,244,ASP,sidechain,A,247,ALA,sidechain,100.0
A,246,ASP,sidechain,A,247,ALA,sidechain,100.0
A,246,ASP,sidechain,A,244,ASP,sidechain,100.0
A,258,ASP,sidechain,A,254,ASP,sidechain,100.0
A,281,ASP,sidechain,A,223,ALA,sidechain,100.0
A,284,ASP,sidechain,A,220,ASP,sidechain,100.0
A,309,ASP,sidechain,A,307,ALA,sidechain,100.0
A,317,ASP,sidechain,A,76,ALA,sidechain,100.0
A,328,ASP,sidechain,A,63,ASP,sidechain,100.0
A,335,ASP,sidechain,A,337,ALA,sidechain,100.0
A,335,ASP,sidechain,A,339,ALA,sidechain,100.0
A,362,ASP,sidechain,A,359,ASP,sidechain,100.0
A,387,ASP,sidechain,A,384,ASP,sidechain,100.0
A,388,ASP,sidechain,A,384,ASP,sidechain,100.0
A,388,ASP,sidechain,A,387,ASP,sidechain,100.0
A,390,ASP,sidechain,A,387,ASP,sidechain,100.0
A,392,ASP,sidechain,A,388,ASP,sidechain,100.0
A,394,ASP,sidechain,A,390,ASP,sidechain,100.0
A,397,ASP,sidechain,A,394,ASP,sidechain,100.0
A,400,ASP,sidechain,A,397,ASP,sidechain,100.0
A,404,ASP,sidechain,A,400,ASP,sidechain,100.0
A,18,GLU,sidechain,A,17,ALA,sidechain,100.0
A,25,GLU,sidechain,A,79,ALA,sidechain,100.0
A,25,GLU,sidechain,A,29,ASP,sidechain,100.0
A,25,GLU,sidechain,A,328,ASP,sidechain,100.0
A,60,GLU,sidechain,A,59,ASP,sidechain,100.0
A,61,GLU,sidechain,A,59,ASP,sidechain,100.0
A,61,GLU,sidechain,A,60,GLU,sidechain,100.0
A,167,GLU,sidechain,A,166,ASP,sidechain,100.0
A,167,GLU,sidechain,A,362,ASP,sidechain,100.0
A,167,GLU,sidechain,A,100,GLU,sidechain,100.0
A,192,GLU,sidechain,A,199,ASP,sidechain,100.0
A,197,GLU,sidechain,A,198,ASP,sidechain,100.0
A,217,GLU,sidechain,A,218,ASP,sidechain,100.0
A,221,GLU,sidechain,A,220,ASP,sidechain,100.0
A,251,GLU,sidechain,A,252,ASP,sidechain,100.0
A,255,GLU,sidechain,A,254,ASP,sidechain,100.0
A,256,GLU,sidechain,A,254,ASP,sidechain,100.0
A,260,GLU,sidechain,A,255,GLU,sidechain,100.0
A,262,GLU,sidechain,A,260,GLU,sidechain,100.0
A,270,GLU,sidechain,A,235,ASP,sidechain,100.0
A,336,GLU,sidechain,A,337,ALA,sidechain,100.0
A,336,GLU,sidechain,A,339,ALA,sidechain,100.0
A,336,GLU,sidechain,A,335,ASP,sidechain,100.0
A,336,GLU,sidechain,A,183,GLU,sidechain,100.0
A,340,GLU,sidechain,A,337,ALA,sidechain,100.0
A,340,GLU,sidechain,A,339,ALA,sidechain,100.0
A,341,GLU,sidechain,A,337,ALA,sidechain,100.0
A,345,GLU,sidechain,A,341,GLU,sidechain,100.0
A,354,GLU,sidechain,A,353,ALA,sidechain,100.0
A,354,GLU,sidechain,A,63,ASP,sidechain,100.0
A,354,GLU,sidechain,A,100,GLU,sidechain,100.0
A,364,GLU,sidechain,A,363,GLU,sidechain,100.0
A,369,GLU,sidechain,A,373,ASP,sidechain,100.0
A,370,GLU,sidechain,A,373,ASP,sidechain,100.0
A,370,GLU,sidechain,A,369,GLU,sidechain,100.0
A,372,GLU,sidechain,A,373,ASP,sidechain,100.0
A,372,GLU,sidechain,A,369,GLU,sidechain,100.0
A,372,GLU,sidechain,A,371,GLU,sidechain,100.0
A,379,GLU,sidechain,A,382,ALA,sidechain,100.0
A,379,GLU,sidechain,A,378,GLU,sidechain,100.0
A,380,GLU,sidechain,A,384,ASP,sidechain,100.0
A,380,GLU,sidechain,A,379,GLU,sidechain,100.0
A,381,GLU,sidechain,A,382,ALA,sidechain,100.0
A,381,GLU,sidechain,A,384,ASP,sidechain,100.0
A,381,GLU,sidechain,A,378,GLU,sidechain,100.0
A,383,GLU,sidechain,A,382,ALA,sidechain,100.0
A,383,GLU,sidechain,A,384,ASP,sidechain,100.0
A,383,GLU,sidechain,A,387,ASP,sidechain,100.0
A,383,GLU,sidechain,A,379,GLU,sidechain,100.0
A,383,GLU,sidechain,A,380,GLU,sidechain,100.0
A,386,GLU,sidechain,A,382,ALA,sidechain,100.0
A,386,GLU,sidechain,A,387,ASP,sidechain,100.0
A,386,GLU,sidechain,A,390,ASP,sidechain,100.0
A,386,GLU,sidechain,A,383,GLU,sidechain,100.0
A,389,GLU,sidechain,A,390,ASP,sidechain,100.0
A,389,GLU,sidechain,A,392,ASP,sidechain,100.0
A,389,GLU,sidechain,A,386,GLU,sidechain,100.0
A,393,GLU,sidechain,A,390,ASP,sidechain,100.0
A,393,GLU,sidechain,A,394,ASP,sidechain,100.0
A,393,GLU,sidechain,A,397,ASP,sidechain,100.0
A,393,GLU,sidechain,A,389,GLU,sidechain,100.0
A,395,GLU,sidechain,A,392,ASP,sidechain,100.0
A,396,GLU,sidechain,A,392,ASP,sidechain,100.0
A,396,GLU,sidechain,A,397,ASP,sidechain,100.0
A,396,GLU,sidechain,A,400,ASP,sidechain,100.0
A,396,GLU,sidechain,A,393,GLU,sidechain,100.0
A,398,GLU,sidechain,A,394,ASP,sidechain,100.0
A,398,GLU,sidechain,A,397,ASP,sidechain,100.0
A,399,GLU,sidechain,A,400,ASP,sidechain,100.0
A,399,GLU,sidechain,A,395,GLU,sidechain,100.0
A,399,GLU,sidechain,A,396,GLU,sidechain,100.0
A,402,GLU,sidechain,A,398,GLU,sidechain,100.0
A,402,GLU,sidechain,A,399,GLU,sidechain,100.0
A,403,GLU,sidechain,A,400,ASP,sidechain,100.0
A,403,GLU,sidechain,A,404,ASP,sidechain,100.0
A,403,GLU,sidechain,A,399,GLU,sidechain,100.0
A,23,PHE,sidechain,A,79,ALA,sidechain,100.0
A,23,PHE,sidechain,A,25,GLU,sidechain,100.0
A,27,PHE,sidechain,A,29,ASP,sidechain,100.0
A,27,PHE,sidechain,A,328,ASP,sidechain,100.0
A,27,PHE,sidechain,A,25,GLU,sidechain,100.0
A,46,PHE,sidechain,A,76,ALA,sidechain,100.0
A,46,PHE,sidechain,A,45,ASP,sidechain,100.0
A,46,PHE,sidechain,A,317,ASP,sidechain,100.0
A,49,PHE,sidechain,A,39,GLU,sidechain,100.0
A,56,PHE,sidechain,A,362,ASP,sidechain,100.0
A,56,PHE,sidechain,A,100,GLU,sidechain,100.0
A,56,PHE,sidechain,A,167,GLU,sidechain,100.0
A,56,PHE,sidechain,A,354,GLU,sidechain,100.0
A,74,PHE,sidechain,A,45,ASP,sidechain,100.0
A,74,PHE,sidechain,A,317,ASP,sidechain,100.0
A,74,PHE,sidechain,A,46,PHE,sidechain,100.0
A,81,PHE,sidechain,A,79,ALA,sidechain,100.0
A,81,PHE,sidechain,A,23,PHE,sidechain,100.0
A,84,PHE,sidechain,A,20,ALA,sidechain,100.0
A,84,PHE,sidechain,A,81,PHE,sidechain,100.0
A,113,PHE,sidechain,A,317,ASP,sidechain,100.0
A,132,PHE,sidechain,A,95,PHE,sidechain,100.0
A,168,PHE,sidechain,A,166,ASP,sidechain,100.0
A,168,PHE,sidechain,A,359,ASP,sidechain,100.0
A,168,PHE,sidechain,A,167,GLU,sidechain,100.0
A,168,PHE,sidechain,A,354,GLU,sidechain,100.0
A,168,PHE,sidechain,A,56,PHE,sidechain,100.0
A,202,PHE,sidechain,A,148,PHE,sidechain,100.0
A,311,PHE,sidechain,A,81,PHE,sidechain,100.0
A,311,PHE,sidechain,A,84,PHE,sidechain,100.0
A,327,PHE,sidechain,A,49,PHE,sidechain,100.0
A,327,PHE,sidechain,A,95,PHE,sidechain,100.0
A,330,PHE,sidechain,A,79,ALA,sidechain,100.0
A,330,PHE,sidechain,A,328,ASP,sidechain,100.0
A,330,PHE,sidechain,A,25,GLU,sidechain,100.0
A,330,PHE,sidechain,A,23,PHE,sidechain,100.0
A,330,PHE,sidechain,A,27,PHE,sidechain,100.0
A,330,PHE,sidechain,A,95,PHE,sidechain,100.0
A,330,PHE,sidechain,A,327,PHE,sidechain,100.0
A,342,PHE,sidechain,A,339,ALA,sidechain,100.0
A,342,PHE,sidechain,A,345,GLU,sidechain,100.0
A,42,HIS,sidechain,A,121,ASP,sidechain,100.0
A,42,HIS,sidechain,A,46,PHE,sidechain,100.0
A,99,HIS,sidechain,A,163,CYS,sidechain,100.0
A,99,HIS,sidechain,A,327,PHE,sidechain,100.0
A,123,HIS,sidechain,A,121,ASP,sidechain,100.0
A,123,HIS,sidechain,A,125,ASP,sidechain,100.0
A,123,HIS,sidechain,A,317,ASP,sidechain,100.0
A,123,HIS,sidechain,A,42,HIS,sidechain,100.0
A,145,HIS,sidechain,A,135,ASP,sidechain,100.0
A,170,HIS,sidechain,A,166,ASP,sidechain,100.0
A,170,HIS,sidechain,A,187,ASP,sidechain,100.0
A,170,HIS,sidechain,A,168,PHE,sidechain,100.0
A,241,HIS,sidechain,A,240,GLU,sidechain,100.0
A,291,HIS,sidechain,A,213,ALA,sidechain,100.0
A,291,HIS,sidechain,A,210,ASP,sidechain,100.0
A,38,ILE,sidechain,A,79,ALA,sidechain,100.0
A,103,ILE,sidechain,A,105,CYS,sidechain,100.0
A,103,ILE,sidechain,A,104,ASP,sidechain,100.0
A,103,ILE,sidechain,A,99,HIS,sidechain,100.0
A,130,ILE,sidechain,A,132,PHE,sidechain,100.0
A,130,ILE,sidechain,A,148,PHE,sidechain,100.0
A,130,ILE,sidechain,A,311,PHE,sidechain,100.0
A,136,ILE,sidechain,A,105,CYS,sidechain,100.0
A,136,ILE,sidechain,A,137,CYS,sidechain,100.0
A,136,ILE,sidechain,A,163,CYS,sidechain,100.0
A,136,ILE,sidechain,A,135,ASP,sidechain,100.0
A,136,ILE,sidechain,A,165,ASP,sidechain,100.0
A,136,ILE,sidechain,A,99,HIS,sidechain,100.0
A,136,ILE,sidechain,A,103,ILE,sidechain,100.0
A,147,ILE,sidechain,A,148,PHE,sidechain,100.0
A,147,ILE,sidechain,A,145,HIS,sidechain,100.0
A,157,ILE,sidechain,A,199,ASP,sidechain,100.0
A,157,ILE,sidechain,A,192,GLU,sidechain,100.0
A,161,ILE,sidechain,A,160,ASP,sidechain,100.0
A,161,ILE,sidechain,A,192,GLU,sidechain,100.0
A,161,ILE,sidechain,A,157,ILE,sidechain,100.0
A,175,ILE,sidechain,A,339,ALA,sidechain,100.0
A,175,ILE,sidechain,A,183,GLU,sidechain,100.0
A,175,ILE,sidechain,A,336,GLU,sidechain,100.0
A,186,ILE,sidechain,A,163,CYS,sidechain,100.0
A,186,ILE,sidechain,A,187,ASP,sidechain,100.0
A,186,ILE,sidechain,A,170,HIS,sidechain,100.0
A,186,ILE,sidechain,A,161,ILE,sidechain,100.0
A,225,ILE,sidechain,A,220,ASP,sidechain,100.0
A,225,ILE,sidechain,A,226,ASP,sidechain,100.0
A,225,ILE,sidechain,A,284,ASP,sidechain,100.0
A,242,ILE,sidechain,A,270,GLU,sidechain,100.0
A,266,ILE,sidechain,A,247,ALA,sidechain,100.0
A,266,ILE,sidechain,A,244,ASP,sidechain,100.0
A,266,ILE,sidechain,A,242,ILE,sidechain,100.0
A,280,ILE,sidechain,A,227,ASP,sidechain,100.0
A,280,ILE,sidechain,A,281,ASP,sidechain,100.0
A,280,ILE,sidechain,A,225,ILE,sidechain,100.0
A,294,ILE,sidechain,A,213,ALA,sidechain,100.0
A,294,ILE,sidechain,A,210,ASP,sidechain,100.0
A,294,ILE,sidechain,A,212,ASP,sidechain,100.0
A,294,ILE,sidechain,A,295,ASP,sidechain,100.0
A,294,ILE,sidechain,A,208,ILE,sidechain,100.0
A,305,ILE,sidechain,A,302,ASP,sidechain,100.0
A,305,ILE,sidechain,A,197,GLU,sidechain,100.0
A,305,ILE,sidechain,A,202,PHE,sidechain,100.0
A,326,ILE,sidechain,A,328,ASP,sidechain,100.0
A,326,ILE,sidechain,A,100,GLU,sidechain,100.0
A,326,ILE,sidechain,A,327,PHE,sidechain,100.0
A,332,ILE,sidechain,A,23,PHE,sidechain,100.0
A,332,ILE,sidechain,A,81,PHE,sidechain,100.0
A,332,ILE,sidechain,A,84,PHE,sidechain,100.0
A,332,ILE,sidechain,A,311,PHE,sidechain,100.0
A,24,LYS,sidechain,A,342,PHE,sidechain,100.0
A,41,LYS,sidechain,A,39,GLU,sidechain,100.0
A,43,LYS,sidechain,A,76,ALA,sidechain,100.0
A,43,LYS,sidechain,A,45,ASP,sidechain,100.0
A,43,LYS,sidechain,A,46,PHE,sidechain,100.0
A,43,LYS,sidechain,A,74,PHE,sidechain,100.0
A,43,LYS,sidechain,A,42,HIS,sidechain,100.0
A,43,LYS,sidechain,A,123,HIS,sidechain,100.0
A,48,LYS,sidechain,A,39,GLU,sidechain,100.0
A,55,LYS,sidechain,A,100,GLU,sidechain,100.0
A,55,LYS,sidechain,A,56,PHE,sidechain,100.0
A,62,LYS,sidechain,A,59,ASP,sidechain,100.0
A,62,LYS,sidechain,A,63,ASP,sidechain,100.0
A,64,LYS,sidechain,A,60,GLU,sidechain,100.0
A,64,LYS,sidechain,A,61,GLU,sidechain,100.0
A,87,LYS,sidechain,A,307,ALA,sidechain,100.0
A,87,LYS,sidechain,A,309,ASP,sidechain,100.0
A,98,LYS,sidechain,A,63,ASP,sidechain,100.0
A,98,LYS,sidechain,A,100,GLU,sidechain,100.0
A,98,LYS,sidechain,A,354,GLU,sidechain,100.0
A,98,LYS,sidechain,A,56,PHE,sidechain,100.0
A,98,LYS,sidechain,A,168,PHE,sidechain,100.0
A,98,LYS,sidechain,A,326,ILE,sidechain,100.0
A,111,LYS,sidechain,A,317,ASP,sidechain,100.0
A,111,LYS,sidechain,A,113,PHE,sidechain,100.0
A,142,LYS,sidechain,A,163,CYS,sidechain,100.0
A,142,LYS,sidechain,A,165,ASP,sidechain,100.0
A,142,LYS,sidechain,A,136,ILE,sidechain,100.0
A,143,LYS,sidechain,A,163,CYS,sidechain,100.0
A,143,LYS,sidechain,A,135,ASP,sidechain,100.0
A,143,LYS,sidechain,A,160,ASP,sidechain,100.0
A,143,LYS,sidechain,A,145,HIS,sidechain,100.0
A,151,LYS,sidechain,A,302,ASP,sidechain,100.0
A,159,LYS,sidechain,A,199,ASP,sidechain,100.0
A,159,LYS,sidechain,A,192,GLU,sidechain,100.0
A,159,LYS,sidechain,A,157,ILE,sidechain,100.0
A,159,LYS,sidechain,A,161,ILE,sidechain,100.0
A,164,LYS,sidechain,A,163,CYS,sidechain,100.0
A,164,LYS,sidechain,A,165,ASP,sidechain,100.0
A,164,LYS,sidechain,A,166,ASP,sidechain,100.0
A,164,LYS,sidechain,A,187,ASP,sidechain,100.0
A,164,LYS,sidechain,A,170,HIS,sidechain,100.0
A,164,LYS,sidechain,A,186,ILE,sidechain,100.0
A,185,LYS,sidechain,A,339,ALA,sidechain,100.0
A,185,LYS,sidechain,A,183,GLU,sidechain,100.0
A,185,LYS,sidechain,A,336,GLU,sidechain,100.0
A,185,LYS,sidechain,A,340,GLU,sidechain,100.0
A,185,LYS,sidechain,A,175,ILE,sidechain,100.0
A,206,LYS,sidechain,A,198,ASP,sidechain,100.0
A,206,LYS,sidechain,A,197,GLU,sidechain,100.0
A,207,LYS,sidechain,A,295,ASP,sidechain,100.0
A,207,LYS,sidechain,A,293,GLU,sidechain,100.0
A,207,LYS,sidechain,A,206,LYS,sidechain,100.0
A,209,LYS,sidechain,A,293,GLU,sidechain,100.0
A,209,LYS,sidechain,A,291,HIS,sidechain,100.0
A,215,LYS,sidechain,A,221,GLU,sidechain,100.0
A,224,LYS,sidechain,A,223,ALA,sidechain,100.0
A,224,LYS,sidechain,A,281,ASP,sidechain,100.0
A,232,LYS,sidechain,A,237,ASP,sidechain,100.0
A,238,LYS,sidechain,A,235,ASP,sidechain,100.0
A,238,LYS,sidechain,A,270,GLU,sidechain,100.0
A,248,LYS,sidechain,A,247,ALA,sidechain,100.0
A,248,LYS,sidechain,A,246,ASP,sidechain,100.0
A,249,LYS,sidechain,A,255,GLU,sidechain,100.0
A,272,LYS,sidechain,A,235,ASP,sidechain,100.0
A,272,LYS,sidechain,A,270,GLU,sidechain,100.0
A,272,LYS,sidechain,A,238,LYS,sidechain,100.0
A,276,LYS,sidechain,A,226,ASP,sidechain,100.0
A,276,LYS,sidechain,A,274,GLU,sidechain,100.0
A,286,LYS,sidechain,A,218,ASP,sidechain,100.0
A,286,LYS,sidechain,A,220,ASP,sidechain,100.0
A,286,LYS,sidechain,A,284,ASP,sidechain,100.0
A,322,LYS,sidechain,A,71,ASP,sidechain,100.0
A,322,LYS,sidechain,A,104,ASP,sidechain,100.0
A,322,LYS,sidechain,A,103,ILE,sidechain,100.0
A,351,LYS,sidechain,A,352,ALA,sidechain,100.0
A,351,LYS,sidechain,A,187,ASP,sidechain,100.0
A,355,LYS,sidechain,A,359,ASP,sidechain,100.0
A,355,LYS,sidechain,A,354,GLU,sidechain,100.0
A,355,LYS,sidechain,A,168,PHE,sidechain,100.0
A,358,LYS,sidechain,A,359,ASP,sidechain,100.0
A,358,LYS,sidechain,A,362,ASP,sidechain,100.0
A,358,LYS,sidechain,A,100,GLU,sidechain,100.0
A,358,LYS,sidechain,A,167,GLU,sidechain,100.0
A,358,LYS,sidechain,A,354,GLU,sidechain,100.0
A,358,LYS,sidechain,A,56,PHE,sidechain,100.0
A,358,LYS,sidechain,A,168,PHE,sidechain,100.0
A,358,LYS,sidechain,A,355,LYS,sidechain,100.0
A,360,LYS,sidechain,A,359,ASP,sidechain,100.0
A,360,LYS,sidechain,A,363,GLU,sidechain,100.0
A,360,LYS,sidechain,A,364,GLU,sidechain,100.0
A,368,LYS,sidechain,A,364,GLU,sidechain,100.0
A,368,LYS,sidechain,A,371,GLU,sidechain,100.0
A,368,LYS,sidechain,A,372,GLU,sidechain,100.0
A,374,LYS,sidechain,A,371,GLU,sidechain,100.0
A,374,LYS,sidechain,A,378,GLU,sidechain,100.0
A,375,LYS,sidechain,A,371,GLU,sidechain,100.0
A,375,LYS,sidechain,A,372,GLU,sidechain,100.0
A,375,LYS,sidechain,A,378,GLU,sidechain,100.0
A,375,LYS,sidechain,A,379,GLU,sidechain,100.0
A,375,LYS,sidechain,A,374,LYS,sidechain,100.0
A,377,LYS,sidechain,A,373,ASP,sidechain,100.0
A,377,LYS,sidechain,A,380,GLU,sidechain,100.0
A,377,LYS,sidechain,A,381,GLU,sidechain,100.0
A,377,LYS,sidechain,A,374,LYS,sidechain,100.0
A,385,LYS,sidechain,A,382,ALA,sidechain,100.0
A,385,LYS,sidechain,A,384,ASP,sidechain,100.0
A,385,LYS,sidechain,A,388,ASP,sidechain,100.0
A,385,LYS,sidechain,A,381,GLU,sidechain,100.0
A,385,LYS,sidechain,A,389,GLU,sidechain,100.0
A,391,LYS,sidechain,A,387,ASP,sidechain,100.0
A,391,LYS,sidechain,A,388,ASP,sidechain,100.0
A,391,LYS,sidechain,A,390,ASP,sidechain,100.0
A,391,LYS,sidechain,A,392,ASP,sidechain,100.0
A,391,LYS,sidechain,A,394,ASP,sidechain,100.0
A,391,LYS,sidechain,A,395,GLU,sidechain,100.0
A,401,LYS,sidechain,A,397,ASP,sidechain,100.0
A,401,LYS,sidechain,A,400,ASP,sidechain,100.0
A,401,LYS,sidechain,A,398,GLU,sidechain,100.0
A,28,LEU,sidechain,A,29,ASP,sidechain,100.0
A,28,LEU,sidechain,A,328,ASP,sidechain,100.0
A,28,LEU,sidechain,A,62,LYS,sidechain,100.0
A,51,LEU,sidechain,A,31,ASP,sidechain,100.0
A,51,LEU,sidechain,A,27,PHE,sidechain,100.0
A,51,LEU,sidechain,A,64,LYS,sidechain,100.0
A,66,LEU,sidechain,A,25,GLU,sidechain,100.0
A,66,LEU,sidechain,A,27,PHE,sidechain,100.0
A,66,LEU,sidechain,A,49,PHE,sidechain,100.0
A,66,LEU,sidechain,A,327,PHE,sidechain,100.0
A,66,LEU,sidechain,A,330,PHE,sidechain,100.0
A,66,LEU,sidechain,A,51,LEU,sidechain,100.0
A,77,LEU,sidechain,A,76,ALA,sidechain,100.0
A,77,LEU,sidechain,A,79,ALA,sidechain,100.0
A,77,LEU,sidechain,A,39,GLU,sidechain,100.0
A,77,LEU,sidechain,A,49,PHE,sidechain,100.0
A,77,LEU,sidechain,A,38,ILE,sidechain,100.0
A,77,LEU,sidechain,A,66,LEU,sidechain,100.0
A,91,LEU,sidechain,A,84,PHE,sidechain,100.0
A,91,LEU,sidechain,A,311,PHE,sidechain,100.0
A,91,LEU,sidechain,A,130,ILE,sidechain,100.0
A,91,LEU,sidechain,A,332,ILE,sidechain,100.0
A,112,LEU,sidechain,A,81,PHE,sidechain,100.0
A,112,LEU,sidechain,A,113,PHE,sidechain,100.0
A,112,LEU,sidechain,A,311,PHE,sidechain,100.0
A,112,LEU,sidechain,A,130,ILE,sidechain,100.0
A,112,LEU,sidechain,A,332,ILE,sidechain,100.0
A,112,LEU,sidechain,A,91,LEU,sidechain,100.0
A,117,LEU,sidechain,A,118,ASP,sidechain,100.0
A,117,LEU,sidechain,A,113,PHE,sidechain,100.0
A,156,LEU,sidechain,A,145,HIS,sidechain,100.0
A,156,LEU,sidechain,A,147,ILE,sidechain,100.0
A,156,LEU,sidechain,A,157,ILE,sidechain,100.0
A,156,LEU,sidechain,A,143,LYS,sidechain,100.0
A,171,LEU,sidechain,A,187,ASP,sidechain,100.0
A,174,LEU,sidechain,A,132,PHE,sidechain,100.0
A,174,LEU,sidechain,A,148,PHE,sidechain,100.0
A,174,LEU,sidechain,A,130,ILE,sidechain,100.0
A,174,LEU,sidechain,A,175,ILE,sidechain,100.0
A,174,LEU,sidechain,A,91,LEU,sidechain,100.0
A,196,LEU,sidechain,A,148,PHE,sidechain,100.0
A,196,LEU,sidechain,A,202,PHE,sidechain,100.0
A,196,LEU,sidechain,A,305,ILE,sidechain,100.0
A,203,LEU,sidechain,A,302,ASP,sidechain,100.0
A,203,LEU,sidechain,A,197,GLU,sidechain,100.0
A,203,LEU,sidechain,A,202,PHE,sidechain,100.0
A,203,LEU,sidechain,A,305,ILE,sidechain,100.0
A,203,LEU,sidechain,A,151,LYS,sidechain,100.0
A,203,LEU,sidechain,A,206,LYS,sidechain,100.0
A,314,LEU,sidechain,A,79,ALA,sidechain,100.0
A,314,LEU,sidechain,A,23,PHE,sidechain,100.0
A,314,LEU,sidechain,A,81,PHE,sidechain,100.0
A,314,LEU,sidechain,A,95,PHE,sidechain,100.0
A,314,LEU,sidechain,A,330,PHE,sidechain,100.0
A,314,LEU,sidechain,A,332,ILE,sidechain,100.0
A,314,LEU,sidechain,A,112,LEU,sidechain,100.0
A,316,LEU,sidechain,A,49,PHE,sidechain,100.0
A,316,LEU,sidechain,A,95,PHE,sidechain,100.0
A,316,LEU,sidechain,A,327,PHE,sidechain,100.0
A,316,LEU,sidechain,A,330,PHE,sidechain,100.0
A,316,LEU,sidechain,A,66,LEU,sidechain,100.0
A,316,LEU,sidechain,A,77,LEU,sidechain,100.0
A,316,LEU,sidechain,A,314,LEU,sidechain,100.0
A,318,LEU,sidechain,A,317,ASP,sidechain,100.0
A,318,LEU,sidechain,A,49,PHE,sidechain,100.0
A,318,LEU,sidechain,A,327,PHE,sidechain,100.0
A,318,LEU,sidechain,A,111,LYS,sidechain,100.0
A,318,LEU,sidechain,A,316,LEU,sidechain,100.0
A,331,LEU,sidechain,A,339,ALA,sidechain,100.0
A,331,LEU,sidechain,A,342,PHE,sidechain,100.0
A,331,LEU,sidechain,A,332,ILE,sidechain,100.0
A,331,LEU,sidechain,A,24,LYS,sidechain,100.0
A,367,LEU,sidechain,A,363,GLU,sidechain,100.0
A,367,LEU,sidechain,A,364,GLU,sidechain,100.0
A,367,LEU,sidechain,A,370,GLU,sidechain,100.0
A,367,LEU,sidechain,A,368,LYS,sidechain,100.0
A,122,MET,sidechain,A,76,ALA,sidechain,100.0
A,122,MET,sidechain,A,317,ASP,sidechain,100.0
A,122,MET,sidechain,A,113,PHE,sidechain,100.0
A,122,MET,sidechain,A,123,HIS,sidechain,100.0
A,122,MET,sidechain,A,111,LYS,sidechain,100.0
A,122,MET,sidechain,A,117,LEU,sidechain,100.0
A,131,MET,sidechain,A,145,HIS,sidechain,100.0
A,131,MET,sidechain,A,147,ILE,sidechain,100.0
A,131,MET,sidechain,A,111,LYS,sidechain,100.0
A,257,MET,sidechain,A,254,ASP,sidechain,100.0
A,257,MET,sidechain,A,258,ASP,sidechain,100.0
A,257,MET,sidechain,A,256,GLU,sidechain,100.0
A,357,MET,sidechain,A,353,ALA,sidechain,100.0
A,357,MET,sidechain,A,56,PHE,sidechain,100.0
A,357,MET,sidechain,A,360,LYS,sidechain,100.0
A,86,ASN,sidechain,A,307,ALA,sidechain,100.0
A,86,ASN,sidechain,A,84,PHE,sidechain,100.0
A,86,ASN,sidechain,A,311,PHE,sidechain,100.0
A,86,ASN,sidechain,A,130,ILE,sidechain,100.0
A,86,ASN,sidechain,A,87,LYS,sidechain,100.0
A,86,ASN,sidechain,A,91,LEU,sidechain,100.0
A,102,ASN,sidechain,A,167,GLU,sidechain,100.0
A,102,ASN,sidechain,A,103,ILE,sidechain,100.0
A,102,ASN,sidechain,A,322,LYS,sidechain,100.0
A,129,ASN,sidechain,A,127,GLU,sidechain,100.0
A,129,ASN,sidechain,A,113,PHE,sidechain,100.0
A,129,ASN,sidechain,A,311,PHE,sidechain,100.0
A,129,ASN,sidechain,A,130,ILE,sidechain,100.0
A,129,ASN,sidechain,A,112,LEU,sidechain,100.0
A,149,ASN,sidechain,A,127,GLU,sidechain,100.0
A,149,ASN,sidechain,A,129,ASN,sidechain,100.0
A,154,ASN,sidechain,A,127,GLU,sidechain,100.0
A,154,ASN,sidechain,A,147,ILE,sidechain,100.0
A,154,ASN,sidechain,A,131,MET,sidechain,100.0
A,154,ASN,sidechain,A,149,ASN,sidechain,100.0
A,158,ASN,sidechain,A,199,ASP,sidechain,100.0
A,158,ASN,sidechain,A,201,ASP,sidechain,100.0
A,158,ASN,sidechain,A,157,ILE,sidechain,100.0
A,158,ASN,sidechain,A,159,LYS,sidechain,100.0
A,180,ASN,sidechain,A,307,ALA,sidechain,100.0
A,180,ASN,sidechain,A,179,ASP,sidechain,100.0
A,180,ASN,sidechain,A,302,ASP,sidechain,100.0
A,180,ASN,sidechain,A,197,GLU,sidechain,100.0
A,180,ASN,sidechain,A,305,ILE,sidechain,100.0
A,180,ASN,sidechain,A,196,LEU,sidechain,100.0
A,188,ASN,sidechain,A,339,ALA,sidechain,100.0
A,188,ASN,sidechain,A,187,ASP,sidechain,100.0
A,188,ASN,sidechain,A,340,GLU,sidechain,100.0
A,188,ASN,sidechain,A,185,LYS,sidechain,100.0
A,188,ASN,sidechain,A,171,LEU,sidechain,100.0
A,268,ASN,sidechain,A,270,GLU,sidechain,100.0
A,268,ASN,sidechain,A,242,ILE,sidechain,100.0
A,268,ASN,sidechain,A,238,LYS,sidechain,100.0
A,282,ASN,sidechain,A,223,ALA,sidechain,100.0
A,282,ASN,sidechain,A,220,ASP,sidechain,100.0
A,282,ASN,sidechain,A,284,ASP,sidechain,100.0
A,282,ASN,sidechain,A,225,ILE,sidechain,100.0
A,296,ASN,sidechain,A,298,GLU,sidechain,100.0
A,296,ASN,sidechain,A,208,ILE,sidechain,100.0
A,310,ASN,sidechain,A,309,ASP,sidechain,100.0
A,310,ASN,sidechain,A,311,PHE,sidechain,100.0
A,310,ASN,sidechain,A,115,ASN,sidechain,100.0
A,310,ASN,sidechain,A,129,ASN,sidechain,100.0
A,329,ASN,sidechain,A,63,ASP,sidechain,100.0
A,329,ASN,sidechain,A,328,ASP,sidechain,100.0
A,329,ASN,sidechain,A,330,PHE,sidechain,100.0
A,329,ASN,sidechain,A,342,PHE,sidechain,100.0
A,329,ASN,sidechain,A,171,LEU,sidechain,100.0
A,334,ASN,sidechain,A,17,ALA,sidechain,100.0
A,334,ASN,sidechain,A,20,ALA,sidechain,100.0
A,334,ASN,sidechain,A,335,ASP,sidechain,100.0
A,344,ASN,sidechain,A,340,GLU,sidechain,100.0
A,344,ASN,sidechain,A,341,GLU,sidechain,100.0
A,344,ASN,sidechain,A,345,GLU,sidechain,100.0
A,344,ASN,sidechain,A,188,ASN,sidechain,100.0
A,19,PRO,sidechain,A,17,ALA,sidechain,100.0
A,19,PRO,sidechain,A,20,ALA,sidechain,100.0
A,19,PRO,sidechain,A,337,ALA,sidechain,100.0
A,19,PRO,sidechain,A,335,ASP,sidechain,100.0
A,19,PRO,sidechain,A,18,GLU,sidechain,100.0
A,19,PRO,sidechain,A,334,ASN,sidechain,100.0
A,83,PRO,sidechain,A,82,GLU,sidechain,100.0
A,83,PRO,sidechain,A,81,PHE,sidechain,100.0
A,83,PRO,sidechain,A,84,PHE,sidechain,100.0
A,83,PRO,sidechain,A,115,ASN,sidechain,100.0
A,83,PRO,sidechain,A,310,ASN,sidechain,100.0
A,114,PRO,sidechain,A,127,GLU,sidechain,100.0
A,114,PRO,sidechain,A,113,PHE,sidechain,100.0
A,114,PRO,sidechain,A,311,PHE,sidechain,100.0
A,114,PRO,sidechain,A,117,LEU,sidechain,100.0
A,114,PRO,sidechain,A,115,ASN,sidechain,100.0
A,114,PRO,sidechain,A,129,ASN,sidechain,100.0
A,114,PRO,sidechain,A,310,ASN,sidechain,100.0
A,134,PRO,sidechain,A,163,CYS,sidechain,100.0
A,134,PRO,sidechain,A,135,ASP,sidechain,100.0
A,134,PRO,sidechain,A,95,PHE,sidechain,100.0
A,134,PRO,sidechain,A,132,PHE,sidechain,100.0
A,134,PRO,sidechain,A,99,HIS,sidechain,100.0
A,134,PRO,sidechain,A,136,ILE,sidechain,100.0
A,134,PRO,sidechain,A,186,ILE,sidechain,100.0
A,139,PRO,sidechain,A,142,LYS,sidechain,100.0
A,178,PRO,sidechain,A,179,ASP,sidechain,100.0
A,178,PRO,sidechain,A,86,ASN,sidechain,100.0
A,204,PRO,sidechain,A,298,GLU,sidechain,100.0
A,204,PRO,sidechain,A,203,LEU,sidechain,100.0
A,204,PRO,sidechain,A,296,ASN,sidechain,100.0
A,205,PRO,sidechain,A,208,ILE,sidechain,100.0
A,205,PRO,sidechain,A,296,ASN,sidechain,100.0
A,205,PRO,sidechain,A,204,PRO,sidechain,100.0
A,211,PRO,sidechain,A,213,ALA,sidechain,100.0
A,211,PRO,sidechain,A,210,ASP,sidechain,100.0
A,211,PRO,sidechain,A,212,ASP,sidechain,100.0
A,211,PRO,sidechain,A,291,HIS,sidechain,100.0
A,211,PRO,sidechain,A,208,ILE,sidechain,100.0
A,211,PRO,sidechain,A,294,ILE,sidechain,100.0
A,216,PRO,sidechain,A,218,ASP,sidechain,100.0
A,216,PRO,sidechain,A,215,LYS,sidechain,100.0
A,216,PRO,sidechain,A,286,LYS,sidechain,100.0
A,228,PRO,sidechain,A,227,ASP,sidechain,100.0
A,228,PRO,sidechain,A,225,ILE,sidechain,100.0
A,228,PRO,sidechain,A,280,ILE,sidechain,100.0
A,233,PRO,sidechain,A,230,ASP,sidechain,100.0
A,233,PRO,sidechain,A,235,ASP,sidechain,100.0
A,233,PRO,sidechain,A,232,LYS,sidechain,100.0
A,233,PRO,sidechain,A,272,LYS,sidechain,100.0
A,239,PRO,sidechain,A,242,ILE,sidechain,100.0
A,239,PRO,sidechain,A,238,LYS,sidechain,100.0
A,239,PRO,sidechain,A,268,ASN,sidechain,100.0
A,243,PRO,sidechain,A,242,ILE,sidechain,100.0
A,243,PRO,sidechain,A,266,ILE,sidechain,100.0
A,245,PRO,sidechain,A,247,ALA,sidechain,100.0
A,245,PRO,sidechain,A,244,ASP,sidechain,100.0
A,245,PRO,sidechain,A,246,ASP,sidechain,100.0
A,245,PRO,sidechain,A,242,ILE,sidechain,100.0
A,245,PRO,sidechain,A,266,ILE,sidechain,100.0
A,245,PRO,sidechain,A,243,PRO,sidechain,100.0
A,250,PRO,sidechain,A,252,ASP,sidechain,100.0
A,250,PRO,sidechain,A,249,LYS,sidechain,100.0
A,263,PRO,sidechain,A,247,ALA,sidechain,100.0
A,263,PRO,sidechain,A,244,ASP,sidechain,100.0
A,263,PRO,sidechain,A,262,GLU,sidechain,100.0
A,263,PRO,sidechain,A,243,PRO,sidechain,100.0
A,264,PRO,sidechain,A,247,ALA,sidechain,100.0
A,264,PRO,sidechain,A,244,ASP,sidechain,100.0
A,264,PRO,sidechain,A,266,ILE,sidechain,100.0
A,264,PRO,sidechain,A,263,PRO,sidechain,100.0
A,269,PRO,sidechain,A,270,GLU,sidechain,100.0
A,269,PRO,sidechain,A,242,ILE,sidechain,100.0
A,269,PRO,sidechain,A,266,ILE,sidechain,100.0
A,269,PRO,sidechain,A,268,ASN,sidechain,100.0
A,277,PRO,sidechain,A,226,ASP,sidechain,100.0
A,277,PRO,sidechain,A,227,ASP,sidechain,100.0
A,277,PRO,sidechain,A,230,ASP,sidechain,100.0
A,277,PRO,sidechain,A,276,LYS,sidechain,100.0
A,283,PRO,sidechain,A,284,ASP,sidechain,100.0
A,283,PRO,sidechain,A,225,ILE,sidechain,100.0
A,283,PRO,sidechain,A,280,ILE,sidechain,100.0
A,283,PRO,sidechain,A,282,ASN,sidechain,100.0
A,292,PRO,sidechain,A,213,ALA,sidechain,100.0
A,292,PRO,sidechain,A,210,ASP,sidechain,100.0
A,292,PRO,sidechain,A,293,GLU,sidechain,100.0
A,292,PRO,sidechain,A,291,HIS,sidechain,100.0
A,292,PRO,sidechain,A,290,ILE,sidechain,100.0
A,292,PRO,sidechain,A,294,ILE,sidechain,100.0
A,292,PRO,sidechain,A,209,LYS,sidechain,100.0
A,297,PRO,sidechain,A,298,GLU,sidechain,100.0
A,297,PRO,sidechain,A,208,ILE,sidechain,100.0
A,297,PRO,sidechain,A,294,ILE,sidechain,100.0
A,297,PRO,sidechain,A,296,ASN,sidechain,100.0
A,301,PRO,sidechain,A,302,ASP,sidechain,100.0
A,301,PRO,sidechain,A,197,GLU,sidechain,100.0
A,301,PRO,sidechain,A,203,LEU,sidechain,100.0
A,303,PRO,sidechain,A,302,ASP,sidechain,100.0
A,303,PRO,sidechain,A,305,ILE,sidechain,100.0
A,303,PRO,sidechain,A,180,ASN,sidechain,100.0
A,303,PRO,sidechain,A,301,PRO,sidechain,100.0
A,26,GLN,sidechain,A,328,ASP,sidechain,100.0
A,26,GLN,sidechain,A,25,GLU,sidechain,100.0
A,26,GLN,sidechain,A,342,PHE,sidechain,100.0
A,26,GLN,sidechain,A,24,LYS,sidechain,100.0
A,26,GLN,sidechain,A,28,LEU,sidechain,100.0
A,26,GLN,sidechain,A,329,ASN,sidechain,100.0
A,67,GLN,sidechain,A,100,GLU,sidechain,100.0
A,67,GLN,sidechain,A,326,ILE,sidechain,100.0
A,70,GLN,sidechain,A,48,LYS,sidechain,100.0
A,89,GLN,sidechain,A,20,ALA,sidechain,100.0
A,89,GLN,sidechain,A,84,PHE,sidechain,100.0
A,89,GLN,sidechain,A,86,ASN,sidechain,100.0
A,89,GLN,sidechain,A,334,ASN,sidechain,100.0
A,89,GLN,sidechain,A,178,PRO,sidechain,100.0
A,94,GLN,sidechain,A,339,ALA,sidechain,100.0
A,94,GLN,sidechain,A,342,PHE,sidechain,100.0
A,94,GLN,sidechain,A,171,LEU,sidechain,100.0
A,94,GLN,sidechain,A,331,LEU,sidechain,100.0
A,94,GLN,sidechain,A,188,ASN,sidechain,100.0
A,101,GLN,sidechain,A,100,GLU,sidechain,100.0
A,101,GLN,sidechain,A,99,HIS,sidechain,100.0
A,101,GLN,sidechain,A,103,ILE,sidechain,100.0
A,101,GLN,sidechain,A,322,LYS,sidechain,100.0
A,101,GLN,sidechain,A,102,ASN,sidechain,100.0
A,101,GLN,sidechain,A,67,GLN,sidechain,100.0
A,119,GLN,sidechain,A,79,ALA,sidechain,100.0
A,119,GLN,sidechain,A,118,ASP,sidechain,100.0
A,119,GLN,sidechain,A,38,ILE,sidechain,100.0
A,119,GLN,sidechain,A,117,LEU,sidechain,100.0
A,119,GLN,sidechain,A,122,MET,sidechain,100.0
A,190,GLN,sidechain,A,183,GLU,sidechain,100.0
A,190,GLN,sidechain,A,192,GLU,sidechain,100.0
A,190,GLN,sidechain,A,185,LYS,sidechain,100.0
A,267,GLN,sidechain,A,240,GLU,sidechain,100.0
A,267,GLN,sidechain,A,241,HIS,sidechain,100.0
A,267,GLN,sidechain,A,266,ILE,sidechain,100.0
A,267,GLN,sidechain,A,268,ASN,sidechain,100.0
A,267,GLN,sidechain,A,269,PRO,sidechain,100.0
A,279,GLN,sidechain,A,226,ASP,sidechain,100.0
A,279,GLN,sidechain,A,225,ILE,sidechain,100.0
A,279,GLN,sidechain,A,280,ILE,sidechain,100.0
A,279,GLN,sidechain,A,224,LYS,sidechain,100.0
A,279,GLN,sidechain,A,277,PRO,sidechain,100.0
A,320,GLN,sidechain,A,327,PHE,sidechain,100.0
A,320,GLN,sidechain,A,99,HIS,sidechain,100.0
A,320,GLN,sidechain,A,103,ILE,sidechain,100.0
A,320,GLN,sidechain,A,318,LEU,sidechain,100.0
A,320,GLN,sidechain,A,101,GLN,sidechain,100.0
A,356,GLN,sidechain,A,352,ALA,sidechain,100.0
A,356,GLN,sidechain,A,353,ALA,sidechain,100.0
A,356,GLN,sidechain,A,359,ASP,sidechain,100.0
A,356,GLN,sidechain,A,360,LYS,sidechain,100.0
A,361,GLN,sidechain,A,362,ASP,sidechain,100.0
A,361,GLN,sidechain,A,364,GLU,sidechain,100.0
A,361,GLN,sidechain,A,56,PHE,sidechain,100.0
A,361,GLN,sidechain,A,55,LYS,sidechain,100.0
A,361,GLN,sidechain,A,358,LYS,sidechain,100.0
A,361,GLN,sidechain,A,357,MET,sidechain,100.0
A,365,GLN,sidechain,A,362,ASP,sidechain,100.0
A,365,GLN,sidechain,A,369,GLU,sidechain,100.0
A,365,GLN,sidechain,A,368,LYS,sidechain,100.0
A,36,ARG,sidechain,A,79,ALA,sidechain,100.0
A,36,ARG,sidechain,A,29,ASP,sidechain,100.0
A,36,ARG,sidechain,A,25,GLU,sidechain,100.0
A,36,ARG,sidechain,A,27,PHE,sidechain,100.0
A,73,ARG,sidechain,A,72,ALA,sidechain,100.0
A,73,ARG,sidechain,A,45,ASP,sidechain,100.0
A,73,ARG,sidechain,A,70,GLN,sidechain,100.0
A,162,ARG,sidechain,A,163,CYS,sidechain,100.0
A,162,ARG,sidechain,A,160,ASP,sidechain,100.0
A,162,ARG,sidechain,A,165,ASP,sidechain,100.0
A,162,ARG,sidechain,A,142,LYS,sidechain,100.0
A,177,ARG,sidechain,A,179,ASP,sidechain,100.0
A,177,ARG,sidechain,A,183,GLU,sidechain,100.0
A,177,ARG,sidechain,A,336,GLU,sidechain,100.0
A,177,ARG,sidechain,A,175,ILE,sidechain,100.0
A,177,ARG,sidechain,A,178,PRO,sidechain,100.0
A,222,ARG,sidechain,A,220,ASP,sidechain,100.0
A,222,ARG,sidechain,A,225,ILE,sidechain,100.0
A,222,ARG,sidechain,A,282,ASN,sidechain,100.0
A,278,ARG,sidechain,A,227,ASP,sidechain,100.0
A,278,ARG,sidechain,A,230,ASP,sidechain,100.0
A,366,ARG,sidechain,A,363,GLU,sidechain,100.0
A,366,ARG,sidechain,A,370,GLU,sidechain,100.0
A,366,ARG,sidechain,A,367,LEU,sidechain,100.0
A,376,ARG,sidechain,A,373,ASP,sidechain,100.0
A,376,ARG,sidechain,A,380,GLU,sidechain,100.0
A,376,ARG,sidechain,A,377,LYS,sidechain,100.0
A,35,SER,sidechain,A,29,ASP,sidechain,100.0
A,35,SER,sidechain,A,36,ARG,sidechain,100.0
A,40,SER,sidechain,A,76,ALA,sidechain,100.0
A,40,SER,sidechain,A,121,ASP,sidechain,100.0
A,40,SER,sidechain,A,317,ASP,sidechain,100.0
A,40,SER,sidechain,A,46,PHE,sidechain,100.0
A,40,SER,sidechain,A,42,HIS,sidechain,100.0
A,40,SER,sidechain,A,123,HIS,sidechain,100.0
A,40,SER,sidechain,A,41,LYS,sidechain,100.0
A,40,SER,sidechain,A,122,MET,sidechain,100.0
A,44,SER,sidechain,A,45,ASP,sidechain,100.0
A,44,SER,sidechain,A,43,LYS,sidechain,100.0
A,52,SER,sidechain,A,100,GLU,sidechain,100.0
A,52,SER,sidechain,A,326,ILE,sidechain,100.0
A,52,SER,sidechain,A,64,LYS,sidechain,100.0
A,52,SER,sidechain,A,51,LEU,sidechain,100.0
A,52,SER,sidechain,A,67,GLN,sidechain,100.0
A,53,SER,sidechain,A,63,ASP,sidechain,100.0
A,53,SER,sidechain,A,60,GLU,sidechain,100.0
A,53,SER,sidechain,A,61,GLU,sidechain,100.0
A,53,SER,sidechain,A,326,ILE,sidechain,100.0
A,53,SER,sidechain,A,64,LYS,sidechain,100.0
A,53,SER,sidechain,A,52,SER,sidechain,100.0
A,69,SER,sidechain,A,49,PHE,sidechain,100.0
A,69,SER,sidechain,A,48,LYS,sidechain,100.0
A,69,SER,sidechain,A,67,GLN,sidechain,100.0
A,69,SER,sidechain,A,70,GLN,sidechain,100.0
A,78,SER,sidechain,A,76,ALA,sidechain,100.0
A,78,SER,sidechain,A,79,ALA,sidechain,100.0
A,78,SER,sidechain,A,113,PHE,sidechain,100.0
A,78,SER,sidechain,A,38,ILE,sidechain,100.0
A,78,SER,sidechain,A,77,LEU,sidechain,100.0
A,78,SER,sidechain,A,117,LEU,sidechain,100.0
A,78,SER,sidechain,A,314,LEU,sidechain,100.0
A,78,SER,sidechain,A,122,MET,sidechain,100.0
A,78,SER,sidechain,A,119,GLN,sidechain,100.0
A,78,SER,sidechain,A,40,SER,sidechain,100.0
A,80,SER,sidechain,A,79,ALA,sidechain,100.0
A,80,SER,sidechain,A,81,PHE,sidechain,100.0
A,80,SER,sidechain,A,38,ILE,sidechain,100.0
A,80,SER,sidechain,A,119,GLN,sidechain,100.0
A,80,SER,sidechain,A,78,SER,sidechain,100.0
A,85,SER,sidechain,A,307,ALA,sidechain,100.0
A,85,SER,sidechain,A,309,ASP,sidechain,100.0
A,85,SER,sidechain,A,84,PHE,sidechain,100.0
A,85,SER,sidechain,A,311,PHE,sidechain,100.0
A,85,SER,sidechain,A,87,LYS,sidechain,100.0
A,85,SER,sidechain,A,86,ASN,sidechain,100.0
A,85,SER,sidechain,A,310,ASN,sidechain,100.0
A,85,SER,sidechain,A,89,GLN,sidechain,100.0
A,116,SER,sidechain,A,127,GLU,sidechain,100.0
A,116,SER,sidechain,A,117,LEU,sidechain,100.0
A,116,SER,sidechain,A,115,ASN,sidechain,100.0
A,116,SER,sidechain,A,310,ASN,sidechain,100.0
A,116,SER,sidechain,A,114,PRO,sidechain,100.0
A,126,SER,sidechain,A,121,ASP,sidechain,100.0
A,126,SER,sidechain,A,125,ASP,sidechain,100.0
A,126,SER,sidechain,A,317,ASP,sidechain,100.0
A,126,SER,sidechain,A,113,PHE,sidechain,100.0
A,126,SER,sidechain,A,42,HIS,sidechain,100.0
A,126,SER,sidechain,A,123,HIS,sidechain,100.0
A,126,SER,sidechain,A,111,LYS,sidechain,100.0
A,126,SER,sidechain,A,117,LEU,sidechain,100.0
A,126,SER,sidechain,A,122,MET,sidechain,100.0
A,126,SER,sidechain,A,40,SER,sidechain,100.0
A,189,SER,sidechain,A,187,ASP,sidechain,100.0
A,189,SER,sidechain,A,186,ILE,sidechain,100.0
A,189,SER,sidechain,A,185,LYS,sidechain,100.0
A,189,SER,sidechain,A,188,ASN,sidechain,100.0
A,193,SER,sidechain,A,183,GLU,sidechain,100.0
A,193,SER,sidechain,A,192,GLU,sidechain,100.0
A,193,SER,sidechain,A,190,GLN,sidechain,100.0
A,193,SER,sidechain,A,177,ARG,sidechain,100.0
A,195,SER,sidechain,A,198,ASP,sidechain,100.0
A,195,SER,sidechain,A,199,ASP,sidechain,100.0
A,195,SER,sidechain,A,197,GLU,sidechain,100.0
A,195,SER,sidechain,A,196,LEU,sidechain,100.0
A,195,SER,sidechain,A,180,ASN,sidechain,100.0
A,214,SER,sidechain,A,213,ALA,sidechain,100.0
A,214,SER,sidechain,A,291,HIS,sidechain,100.0
A,214,SER,sidechain,A,216,PRO,sidechain,100.0
A,231,SER,sidechain,A,230,ASP,sidechain,100.0
A,231,SER,sidechain,A,233,PRO,sidechain,100.0
A,300,SER,sidechain,A,302,ASP,sidechain,100.0
A,300,SER,sidechain,A,203,LEU,sidechain,100.0
A,300,SER,sidechain,A,301,PRO,sidechain,100.0
A,304,SER,sidechain,A,307,ALA,sidechain,100.0
A,304,SER,sidechain,A,302,ASP,sidechain,100.0
A,304,SER,sidechain,A,305,ILE,sidechain,100.0
A,304,SER,sidechain,A,87,LYS,sidechain,100.0
A,304,SER,sidechain,A,180,ASN,sidechain,100.0
A,304,SER,sidechain,A,303,PRO,sidechain,100.0
A,323,SER,sidechain,A,71,ASP,sidechain,100.0
A,323,SER,sidechain,A,322,LYS,sidechain,100.0
A,323,SER,sidechain,A,67,GLN,sidechain,100.0
A,323,SER,sidechain,A,70,GLN,sidechain,100.0
A,323,SER,sidechain,A,101,GLN,sidechain,100.0
A,323,SER,sidechain,A,320,GLN,sidechain,100.0
A,323,SER,sidechain,A,69,SER,sidechain,100.0
A,34,THR,sidechain,A,31,ASP,sidechain,100.0
A,34,THR,sidechain,A,35,SER,sidechain,100.0
A,68,THR,sidechain,A,49,PHE,sidechain,100.0
A,68,THR,sidechain,A,327,PHE,sidechain,100.0
A,68,THR,sidechain,A,318,LEU,sidechain,100.0
A,68,THR,sidechain,A,67,GLN,sidechain,100.0
A,68,THR,sidechain,A,101,GLN,sidechain,100.0
A,68,THR,sidechain,A,320,GLN,sidechain,100.0
A,68,THR,sidechain,A,69,SER,sidechain,100.0
A,68,THR,sidechain,A,323,SER,sidechain,100.0
A,90,THR,sidechain,A,336,GLU,sidechain,100.0
A,90,THR,sidechain,A,175,ILE,sidechain,100.0
A,90,THR,sidechain,A,91,LEU,sidechain,100.0
A,90,THR,sidechain,A,334,ASN,sidechain,100.0
A,90,THR,sidechain,A,178,PRO,sidechain,100.0
A,90,THR,sidechain,A,89,GLN,sidechain,100.0
A,90,THR,sidechain,A,177,ARG,sidechain,100.0
A,96,THR,sidechain,A,328,ASP,sidechain,100.0
A,96,THR,sidechain,A,95,PHE,sidechain,100.0
A,96,THR,sidechain,A,330,PHE,sidechain,100.0
A,96,THR,sidechain,A,171,LEU,sidechain,100.0
A,96,THR,sidechain,A,329,ASN,sidechain,100.0
A,96,THR,sidechain,A,94,GLN,sidechain,100.0
A,120,THR,sidechain,A,118,ASP,sidechain,100.0
A,120,THR,sidechain,A,121,ASP,sidechain,100.0
A,120,THR,sidechain,A,38,ILE,sidechain,100.0
A,120,THR,sidechain,A,41,LYS,sidechain,100.0
A,120,THR,sidechain,A,119,GLN,sidechain,100.0
A,120,THR,sidechain,A,40,SER,sidechain,100.0
A,141,THR,sidechain,A,105,CYS,sidechain,100.0
A,141,THR,sidechain,A,137,CYS,sidechain,100.0
A,141,THR,sidechain,A,135,ASP,sidechain,100.0
A,141,THR,sidechain,A,136,ILE,sidechain,100.0
A,141,THR,sidechain,A,142,LYS,sidechain,100.0
A,141,THR,sidechain,A,143,LYS,sidechain,100.0
A,169,THR,sidechain,A,63,ASP,sidechain,100.0
A,169,THR,sidechain,A,354,GLU,sidechain,100.0
A,169,THR,sidechain,A,168,PHE,sidechain,100.0
A,169,THR,sidechain,A,170,HIS,sidechain,100.0
A,169,THR,sidechain,A,326,ILE,sidechain,100.0
A,169,THR,sidechain,A,98,LYS,sidechain,100.0
A,169,THR,sidechain,A,329,ASN,sidechain,100.0
A,169,THR,sidechain,A,96,THR,sidechain,100.0
A,173,THR,sidechain,A,339,ALA,sidechain,100.0
A,173,THR,sidechain,A,132,PHE,sidechain,100.0
A,173,THR,sidechain,A,175,ILE,sidechain,100.0
A,173,THR,sidechain,A,185,LYS,sidechain,100.0
A,173,THR,sidechain,A,171,LEU,sidechain,100.0
A,173,THR,sidechain,A,174,LEU,sidechain,100.0
A,173,THR,sidechain,A,188,ASN,sidechain,100.0
A,173,THR,sidechain,A,94,GLN,sidechain,100.0
A,181,THR,sidechain,A,179,ASP,sidechain,100.0
A,181,THR,sidechain,A,196,LEU,sidechain,100.0
A,181,THR,sidechain,A,180,ASN,sidechain,100.0
A,181,THR,sidechain,A,177,ARG,sidechain,100.0
A,181,THR,sidechain,A,193,SER,sidechain,100.0
A,181,THR,sidechain,A,195,SER,sidechain,100.0
A,229,THR,sidechain,A,227,ASP,sidechain,100.0
A,229,THR,sidechain,A,230,ASP,sidechain,100.0
A,229,THR,sidechain,A,280,ILE,sidechain,100.0
A,229,THR,sidechain,A,228,PRO,sidechain,100.0
A,229,THR,sidechain,A,231,SER,sidechain,100.0
A,288,THR,sidechain,A,221,GLU,sidechain,100.0
A,288,THR,sidechain,A,290,ILE,sidechain,100.0
A,325,THR,sidechain,A,327,PHE,sidechain,100.0
A,325,THR,sidechain,A,99,HIS,sidechain,100.0
A,325,THR,sidechain,A,103,ILE,sidechain,100.0
A,325,THR,sidechain,A,326,ILE,sidechain,100.0
A,325,THR,sidechain,A,318,LEU,sidechain,100.0
A,325,THR,sidechain,A,67,GLN,sidechain,100.0
A,325,THR,sidechain,A,101,GLN,sidechain,100.0
A,325,THR,sidechain,A,320,GLN,sidechain,100.0
A,325,THR,sidechain,A,323,SER,sidechain,100.0
A,325,THR,sidechain,A,68,THR,sidechain,100.0
A,333,THR,sidechain,A,20,ALA,sidechain,100.0
A,333,THR,sidechain,A,339,ALA,sidechain,100.0
A,333,THR,sidechain,A,335,ASP,sidechain,100.0
A,333,THR,sidechain,A,332,ILE,sidechain,100.0
A,333,THR,sidechain,A,331,LEU,sidechain,100.0
A,333,THR,sidechain,A,334,ASN,sidechain,100.0
A,333,THR,sidechain,A,19,PRO,sidechain,100.0
A,346,THR,sidechain,A,328,ASP,sidechain,100.0
A,346,THR,sidechain,A,345,GLU,sidechain,100.0
A,346,THR,sidechain,A,342,PHE,sidechain,100.0
A,346,THR,sidechain,A,171,LEU,sidechain,100.0
A,346,THR,sidechain,A,329,ASN,sidechain,100.0
A,346,THR,sidechain,A,26,GLN,sidechain,100.0
A,346,THR,sidechain,A,94,GLN,sidechain,100.0
A,346,THR,sidechain,A,96,THR,sidechain,100.0
A,350,THR,sidechain,A,353,ALA,sidechain,100.0
A,350,THR,sidechain,A,59,ASP,sidechain,100.0
A,350,THR,sidechain,A,63,ASP,sidechain,100.0
A,350,THR,sidechain,A,354,GLU,sidechain,100.0
A,350,THR,sidechain,A,62,LYS,sidechain,100.0
A,350,THR,sidechain,A,351,LYS,sidechain,100.0
A,350,THR,sidechain,A,329,ASN,sidechain,100.0
A,350,THR,sidechain,A,96,THR,sidechain,100.0
A,350,THR,sidechain,A,169,THR,sidechain,100.0
A,350,THR,sidechain,A,346,THR,sidechain,100.0
A,21,VAL,sidechain,A,20,ALA,sidechain,100.0
A,21,VAL,sidechain,A,24,LYS,sidechain,100.0
A,21,VAL,sidechain,A,331,LEU,sidechain,100.0
A,21,VAL,sidechain,A,19,PRO,sidechain,100.0
A,21,VAL,sidechain,A,333,THR,sidechain,100.0
A,50,VAL,sidechain,A,49,PHE,sidechain,100.0
A,50,VAL,sidechain,A,48,LYS,sidechain,100.0
A,50,VAL,sidechain,A,51,LEU,sidechain,100.0
A,50,VAL,sidechain,A,67,GLN,sidechain,100.0
A,50,VAL,sidechain,A,52,SER,sidechain,100.0
A,50,VAL,sidechain,A,69,SER,sidechain,100.0
A,92,VAL,sidechain,A,339,ALA,sidechain,100.0
A,92,VAL,sidechain,A,335,ASP,sidechain,100.0
A,92,VAL,sidechain,A,336,GLU,sidechain,100.0
A,92,VAL,sidechain,A,175,ILE,sidechain,100.0
A,92,VAL,sidechain,A,91,LEU,sidechain,100.0
A,92,VAL,sidechain,A,174,LEU,sidechain,100.0
A,92,VAL,sidechain,A,331,LEU,sidechain,100.0
A,92,VAL,sidechain,A,334,ASN,sidechain,100.0
A,92,VAL,sidechain,A,94,GLN,sidechain,100.0
A,92,VAL,sidechain,A,90,THR,sidechain,100.0
A,92,VAL,sidechain,A,173,THR,sidechain,100.0
A,92,VAL,sidechain,A,333,THR,sidechain,100.0
A,93,VAL,sidechain,A,95,PHE,sidechain,100.0
A,93,VAL,sidechain,A,132,PHE,sidechain,100.0
A,93,VAL,sidechain,A,130,ILE,sidechain,100.0
A,93,VAL,sidechain,A,332,ILE,sidechain,100.0
A,93,VAL,sidechain,A,91,LEU,sidechain,100.0
A,93,VAL,sidechain,A,112,LEU,sidechain,100.0
A,93,VAL,sidechain,A,174,LEU,sidechain,100.0
A,93,VAL,sidechain,A,314,LEU,sidechain,100.0
A,93,VAL,sidechain,A,173,THR,sidechain,100.0
A,93,VAL,sidechain,A,92,VAL,sidechain,100.0
A,97,VAL,sidechain,A,95,PHE,sidechain,100.0
A,97,VAL,sidechain,A,327,PHE,sidechain,100.0
A,97,VAL,sidechain,A,99,HIS,sidechain,100.0
A,97,VAL,sidechain,A,170,HIS,sidechain,100.0
A,97,VAL,sidechain,A,134,PRO,sidechain,100.0
A,97,VAL,sidechain,A,96,THR,sidechain,100.0
A,97,VAL,sidechain,A,169,THR,sidechain,100.0
A,97,VAL,sidechain,A,325,THR,sidechain,100.0
A,110,VAL,sidechain,A,95,PHE,sidechain,100.0
A,110,VAL,sidechain,A,132,PHE,sidechain,100.0
A,110,VAL,sidechain,A,327,PHE,sidechain,100.0
A,110,VAL,sidechain,A,330,PHE,sidechain,100.0
A,110,VAL,sidechain,A,112,LEU,sidechain,100.0
A,110,VAL,sidechain,A,314,LEU,sidechain,100.0
A,110,VAL,sidechain,A,316,LEU,sidechain,100.0
A,110,VAL,sidechain,A,93,VAL,sidechain,100.0
A,144,VAL,sidechain,A,163,CYS,sidechain,100.0
A,144,VAL,sidechain,A,132,PHE,sidechain,100.0
A,144,VAL,sidechain,A,145,HIS,sidechain,100.0
A,144,VAL,sidechain,A,161,ILE,sidechain,100.0
A,144,VAL,sidechain,A,186,ILE,sidechain,100.0
A,144,VAL,sidechain,A,143,LYS,sidechain,100.0
A,144,VAL,sidechain,A,134,PRO,sidechain,100.0
A,146,VAL,sidechain,A,132,PHE,sidechain,100.0
A,146,VAL,sidechain,A,148,PHE,sidechain,100.0
A,146,VAL,sidechain,A,130,ILE,sidechain,100.0
A,146,VAL,sidechain,A,147,ILE,sidechain,100.0
A,146,VAL,sidechain,A,157,ILE,sidechain,100.0
A,146,VAL,sidechain,A,161,ILE,sidechain,100.0
A,146,VAL,sidechain,A,174,LEU,sidechain,100.0
A,146,VAL,sidechain,A,144,VAL,sidechain,100.0
A,155,VAL,sidechain,A,201,ASP,sidechain,100.0
A,155,VAL,sidechain,A,148,PHE,sidechain,100.0
A,155,VAL,sidechain,A,202,PHE,sidechain,100.0
A,155,VAL,sidechain,A,147,ILE,sidechain,100.0
A,155,VAL,sidechain,A,153,LYS,sidechain,100.0
A,155,VAL,sidechain,A,156,LEU,sidechain,100.0
A,155,VAL,sidechain,A,154,ASN,sidechain,100.0
A,155,VAL,sidechain,A,158,ASN,sidechain,100.0
A,176,VAL,sidechain,A,148,PHE,sidechain,100.0
A,176,VAL,sidechain,A,130,ILE,sidechain,100.0
A,176,VAL,sidechain,A,175,ILE,sidechain,100.0
A,176,VAL,sidechain,A,91,LEU,sidechain,100.0
A,176,VAL,sidechain,A,174,LEU,sidechain,100.0
A,176,VAL,sidechain,A,196,LEU,sidechain,100.0
A,176,VAL,sidechain,A,86,ASN,sidechain,100.0
A,176,VAL,sidechain,A,177,ARG,sidechain,100.0
A,176,VAL,sidechain,A,90,THR,sidechain,100.0
A,184,VAL,sidechain,A,183,GLU,sidechain,100.0
A,184,VAL,sidechain,A,192,GLU,sidechain,100.0
A,184,VAL,sidechain,A,132,PHE,sidechain,100.0
A,184,VAL,sidechain,A,157,ILE,sidechain,100.0
A,184,VAL,sidechain,A,161,ILE,sidechain,100.0
A,184,VAL,sidechain,A,186,ILE,sidechain,100.0
A,184,VAL,sidechain,A,185,LYS,sidechain,100.0
A,184,VAL,sidechain,A,174,LEU,sidechain,100.0
A,184,VAL,sidechain,A,173,THR,sidechain,100.0
A,184,VAL,sidechain,A,144,VAL,sidechain,100.0
A,184,VAL,sidechain,A,146,VAL,sidechain,100.0
A,191,VAL,sidechain,A,192,GLU,sidechain,100.0
A,191,VAL,sidechain,A,161,ILE,sidechain,100.0
A,191,VAL,sidechain,A,186,ILE,sidechain,100.0
A,191,VAL,sidechain,A,164,LYS,sidechain,100.0
A,191,VAL,sidechain,A,190,GLN,sidechain,100.0
A,191,VAL,sidechain,A,189,SER,sidechain,100.0
A,191,VAL,sidechain,A,144,VAL,sidechain,100.0
A,191,VAL,sidechain,A,184,VAL,sidechain,100.0
A,265,VAL,sidechain,A,241,HIS,sidechain,100.0
A,265,VAL,sidechain,A,242,ILE,sidechain,100.0
A,265,VAL,sidechain,A,266,ILE,sidechain,100.0
A,265,VAL,sidechain,A,243,PRO,sidechain,100.0
A,265,VAL,sidechain,A,263,PRO,sidechain,100.0
A,265,VAL,sidechain,A,264,PRO,sidechain,100.0
A,313,VAL,sidechain,A,79,ALA,sidechain,100.0
A,313,VAL,sidechain,A,81,PHE,sidechain,100.0
A,313,VAL,sidechain,A,113,PHE,sidechain,100.0
A,313,VAL,sidechain,A,117,LEU,sidechain,100.0
A,313,VAL,sidechain,A,314,LEU,sidechain,100.0
A,313,VAL,sidechain,A,122,MET,sidechain,100.0
A,313,VAL,sidechain,A,114,PRO,sidechain,100.0
A,313,VAL,sidechain,A,119,GLN,sidechain,100.0
A,313,VAL,sidechain,A,78,SER,sidechain,100.0
A,313,VAL,sidechain,A,80,SER,sidechain,100.0
A,321,VAL,sidechain,A,72,ALA,sidechain,100.0
A,321,VAL,sidechain,A,105,CYS,sidechain,100.0
A,321,VAL,sidechain,A,137,CYS,sidechain,100.0
A,321,VAL,sidechain,A,71,ASP,sidechain,100.0
A,321,VAL,sidechain,A,104,ASP,sidechain,100.0
A,321,VAL,sidechain,A,103,ILE,sidechain,100.0
A,321,VAL,sidechain,A,322,LYS,sidechain,100.0
A,349,VAL,sidechain,A,352,ALA,sidechain,100.0
A,349,VAL,sidechain,A,353,ALA,sidechain,100.0
A,349,VAL,sidechain,A,345,GLU,sidechain,100.0
A,349,VAL,sidechain,A,62,LYS,sidechain,100.0
A,349,VAL,sidechain,A,346,THR,sidechain,100.0
A,349,VAL,sidechain,A,350,THR,sidechain,100.0
A,33,TRP,sidechain,A,31,ASP,sidechain,100.0
A,33,TRP,sidechain,A,25,GLU,sidechain,100.0
A,33,TRP,sidechain,A,27,PHE,sidechain,100.0
A,33,TRP,sidechain,A,51,LEU,sidechain,100.0
A,33,TRP,sidechain,A,66,LEU,sidechain,100.0
A,33,TRP,sidechain,A,77,LEU,sidechain,100.0
A,33,TRP,sidechain,A,36,ARG,sidechain,100.0
A,33,TRP,sidechain,A,34,THR,sidechain,100.0
A,37,TRP,sidechain,A,79,ALA,sidechain,100.0
A,37,TRP,sidechain,A,25,GLU,sidechain,100.0
A,37,TRP,sidechain,A,23,PHE,sidechain,100.0
A,37,TRP,sidechain,A,27,PHE,sidechain,100.0
A,37,TRP,sidechain,A,49,PHE,sidechain,100.0
A,37,TRP,sidechain,A,330,PHE,sidechain,100.0
A,37,TRP,sidechain,A,66,LEU,sidechain,100.0
A,37,TRP,sidechain,A,77,LEU,sidechain,100.0
A,37,TRP,sidechain,A,314,LEU,sidechain,100.0
A,37,TRP,sidechain,A,316,LEU,sidechain,100.0
A,37,TRP,sidechain,A,36,ARG,sidechain,100.0
A,37,TRP,sidechain,A,78,SER,sidechain,100.0
A,37,TRP,sidechain,A,33,TRP,sidechain,100.0
A,200,TRP,sidechain,A,199,ASP,sidechain,100.0
A,200,TRP,sidechain,A,148,PHE,sidechain,100.0
A,200,TRP,sidechain,A,202,PHE,sidechain,100.0
A,200,TRP,sidechain,A,157,ILE,sidechain,100.0
A,200,TRP,sidechain,A,196,LEU,sidechain,100.0
A,200,TRP,sidechain,A,158,ASN,sidechain,100.0
A,200,TRP,sidechain,A,146,VAL,sidechain,100.0
A,200,TRP,sidechain,A,155,VAL,sidechain,100.0
A,219,TRP,sidechain,A,218,ASP,sidechain,100.0
A,219,TRP,sidechain,A,221,GLU,sidechain,100.0
A,219,TRP,sidechain,A,215,LYS,sidechain,100.0
A,219,TRP,sidechain,A,286,LYS,sidechain,100.0
A,219,TRP,sidechain,A,216,PRO,sidechain,100.0
A,236,TRP,sidechain,A,237,ASP,sidechain,100.0
A,236,TRP,sidechain,A,232,LYS,sidechain,100.0
A,236,TRP,sidechain,A,272,LYS,sidechain,100.0
A,236,TRP,sidechain,A,233,PRO,sidechain,100.0
A,253,TRP,sidechain,A,252,ASP,sidechain,100.0
A,253,TRP,sidechain,A,258,ASP,sidechain,100.0
A,253,TRP,sidechain,A,255,GLU,sidechain,100.0
A,253,TRP,sidechain,A,249,LYS,sidechain,100.0
A,253,TRP,sidechain,A,250,PRO,sidechain,100.0
A,261,TRP,sidechain,A,247,ALA,sidechain,100.0
A,261,TRP,sidechain,A,249,LYS,sidechain,100.0
A,261,TRP,sidechain,A,250,PRO,sidechain,100.0
A,261,TRP,sidechain,A,263,PRO,sidechain,100.0
A,261,TRP,sidechain,A,264,PRO,sidechain,100.0
A,261,TRP,sidechain,A,253,TRP,sidechain,100.0
A,275,TRP,sidechain,A,230,ASP,sidechain,100.0
A,275,TRP,sidechain,A,232,LYS,sidechain,100.0
A,275,TRP,sidechain,A,233,PRO,sidechain,100.0
A,275,TRP,sidechain,A,277,PRO,sidechain,100.0
A,275,TRP,sidechain,A,231,SER,sidechain,100.0
A,275,TRP,sidechain,A,236,TRP,sidechain,100.0
A,289,TRP,sidechain,A,213,ALA,sidechain,100.0
A,289,TRP,sidechain,A,221,GLU,sidechain,100.0
A,289,TRP,sidechain,A,291,HIS,sidechain,100.0
A,289,TRP,sidechain,A,290,ILE,sidechain,100.0
A,289,TRP,sidechain,A,215,LYS,sidechain,100.0
A,289,TRP,sidechain,A,216,PRO,sidechain,100.0
A,289,TRP,sidechain,A,292,PRO,sidechain,100.0
A,289,TRP,sidechain,A,214,SER,sidechain,100.0
A,289,TRP,sidechain,A,219,TRP,sidechain,100.0
A,319,TRP,sidechain,A,72,ALA,sidechain,100.0
A,319,TRP,sidechain,A,105,CYS,sidechain,100.0
A,319,TRP,sidechain,A,74,PHE,sidechain,100.0
A,319,TRP,sidechain,A,320,GLN,sidechain,100.0
A,319,TRP,sidechain,A,321,VAL,sidechain,100.0
A,347,TRP,sidechain,A,187,ASP,sidechain,100.0
A,347,TRP,sidechain,A,170,HIS,sidechain,100.0
A,347,TRP,sidechain,A,351,LYS,sidechain,100.0
A,347,TRP,sidechain,A,171,LEU,sidechain,100.0
A,347,TRP,sidechain,A,188,ASN,sidechain,100.0
A,347,TRP,sidechain,A,344,ASN,sidechain,100.0
A,347,TRP,sidechain,A,96,THR,sidechain,100.0
A,347,TRP,sidechain,A,169,THR,sidechain,100.0
A,347,TRP,sidechain,A,346,THR,sidechain,100.0
A,347,TRP,sidechain,A,350,THR,sidechain,100.0
A,22,TYR,sidechain,A,20,ALA,sidechain,100.0
A,22,TYR,sidechain,A,84,PHE,sidechain,100.0
A,22,TYR,sidechain,A,332,ILE,sidechain,100.0
A,22,TYR,sidechain,A,91,LEU,sidechain,100.0
A,22,TYR,sidechain,A,334,ASN,sidechain,100.0
A,22,TYR,sidechain,A,89,GLN,sidechain,100.0
A,22,TYR,sidechain,A,333,THR,sidechain,100.0
A,22,TYR,sidechain,A,21,VAL,sidechain,100.0
A,57,TYR,sidechain,A,59,ASP,sidechain,100.0
A,57,TYR,sidechain,A,63,ASP,sidechain,100.0
A,57,TYR,sidechain,A,60,GLU,sidechain,100.0
A,57,TYR,sidechain,A,357,MET,sidechain,100.0
A,57,TYR,sidechain,A,53,SER,sidechain,100.0
A,75,TYR,sidechain,A,49,PHE,sidechain,100.0
A,75,TYR,sidechain,A,318,LEU,sidechain,100.0
A,75,TYR,sidechain,A,70,GLN,sidechain,100.0
A,75,TYR,sidechain,A,320,GLN,sidechain,100.0
A,75,TYR,sidechain,A,73,ARG,sidechain,100.0
A,75,TYR,sidechain,A,69,SER,sidechain,100.0
A,75,TYR,sidechain,A,323,SER,sidechain,100.0
A,75,TYR,sidechain,A,68,THR,sidechain,100.0
A,109,TYR,sidechain,A,135,ASP,sidechain,100.0
A,109,TYR,sidechain,A,317,ASP,sidechain,100.0
A,109,TYR,sidechain,A,145,HIS,sidechain,100.0
A,109,TYR,sidechain,A,111,LYS,sidechain,100.0
A,109,TYR,sidechain,A,318,LEU,sidechain,100.0
A,109,TYR,sidechain,A,131,MET,sidechain,100.0
A,109,TYR,sidechain,A,134,PRO,sidechain,100.0
A,109,TYR,sidechain,A,110,VAL,sidechain,100.0
A,128,TYR,sidechain,A,113,PHE,sidechain,100.0
A,128,TYR,sidechain,A,130,ILE,sidechain,100.0
A,128,TYR,sidechain,A,147,ILE,sidechain,100.0
A,128,TYR,sidechain,A,111,LYS,sidechain,100.0
A,128,TYR,sidechain,A,131,MET,sidechain,100.0
A,128,TYR,sidechain,A,149,ASN,sidechain,100.0
A,128,TYR,sidechain,A,154,ASN,sidechain,100.0
A,150,TYR,sidechain,A,302,ASP,sidechain,100.0
A,150,TYR,sidechain,A,202,PHE,sidechain,100.0
A,150,TYR,sidechain,A,305,ILE,sidechain,100.0
A,150,TYR,sidechain,A,151,LYS,sidechain,100.0
A,150,TYR,sidechain,A,203,LEU,sidechain,100.0
A,150,TYR,sidechain,A,155,VAL,sidechain,100.0
A,172,TYR,sidechain,A,163,CYS,sidechain,100.0
A,172,TYR,sidechain,A,187,ASP,sidechain,100.0
A,172,TYR,sidechain,A,95,PHE,sidechain,100.0
A,172,TYR,sidechain,A,132,PHE,sidechain,100.0
A,172,TYR,sidechain,A,170,HIS,sidechain,100.0
A,172,TYR,sidechain,A,186,ILE,sidechain,100.0
A,172,TYR,sidechain,A,164,LYS,sidechain,100.0
A,172,TYR,sidechain,A,171,LEU,sidechain,100.0
A,172,TYR,sidechain,A,134,PRO,sidechain,100.0
A,172,TYR,sidechain,A,97,VAL,sidechain,100.0
A,172,TYR,sidechain,A,144,VAL,sidechain,100.0
A,182,TYR,sidechain,A,199,ASP,sidechain,100.0
A,182,TYR,sidechain,A,192,GLU,sidechain,100.0
A,182,TYR,sidechain,A,148,PHE,sidechain,100.0
A,182,TYR,sidechain,A,157,ILE,sidechain,100.0
A,182,TYR,sidechain,A,159,LYS,sidechain,100.0
A,182,TYR,sidechain,A,174,LEU,sidechain,100.0
A,182,TYR,sidechain,A,196,LEU,sidechain,100.0
A,182,TYR,sidechain,A,193,SER,sidechain,100.0
A,182,TYR,sidechain,A,195,SER,sidechain,100.0
A,182,TYR,sidechain,A,181,THR,sidechain,100.0
A,182,TYR,sidechain,A,146,VAL,sidechain,100.0
A,182,TYR,sidechain,A,176,VAL,sidechain,100.0
A,182,TYR,sidechain,A,184,VAL,sidechain,100.0
A,182,TYR,sidechain,A,200,TRP,sidechain,100.0
A,271,TYR,sidechain,A,240,GLU,sidechain,100.0
A,271,TYR,sidechain,A,268,ASN,sidechain,100.0
A,271,TYR,sidechain,A,239,PRO,sidechain,100.0
A,271,TYR,sidechain,A,267,GLN,sidechain,100.0
A,285,TYR,sidechain,A,223,ALA,sidechain,100.0
A,285,TYR,sidechain,A,220,ASP,sidechain,100.0
A,285,TYR,sidechain,A,221,GLU,sidechain,100.0
A,285,TYR,sidechain,A,282,ASN,sidechain,100.0
A,285,TYR,sidechain,A,288,THR,sidechain,100.0
A,299,TYR,sidechain,A,197,GLU,sidechain,100.0
A,299,TYR,sidechain,A,206,LYS,sidechain,100.0
A,299,TYR,sidechain,A,203,LEU,sidechain,100.0
A,299,TYR,sidechain,A,296,ASN,sidechain,100.0
A,299,TYR,sidechain,A,204,PRO,sidechain,100.0
A,299,TYR,sidechain,A,205,PRO,sidechain,100.0
A,299,TYR,sidechain,A,301,PRO,sidechain,100.0
A,299,TYR,sidechain,A,300,SER,sidechain,100.0
A,306,TYR,sidechain,A,307,ALA,sidechain,100.0
A,306,TYR,sidechain,A,179,ASP,sidechain,100.0
A,306,TYR,sidechain,A,305,ILE,sidechain,100.0
A,306,TYR,sidechain,A,87,LYS,sidechain,100.0
A,306,TYR,sidechain,A,196,LEU,sidechain,100.0
A,306,TYR,sidechain,A,86,ASN,sidechain,100.0
A,306,TYR,sidechain,A,180,ASN,sidechain,100.0
A,306,TYR,sidechain,A,178,PRO,sidechain,100.0
A,306,TYR,sidechain,A,304,SER,sidechain,100.0
A,306,TYR,sidechain,A,176,VAL,sidechain,100.0
A,308,TYR,sidechain,A,307,ALA,sidechain,100.0
A,308,TYR,sidechain,A,148,PHE,sidechain,100.0
A,308,TYR,sidechain,A,311,PHE,sidechain,100.0
A,308,TYR,sidechain,A,130,ILE,sidechain,100.0
A,308,TYR,sidechain,A,91,LEU,sidechain,100.0
A,308,TYR,sidechain,A,86,ASN,sidechain,100.0
A,308,TYR,sidechain,A,129,ASN,sidechain,100.0
A,308,TYR,sidechain,A,149,ASN,sidechain,100.0
A,338,TYR,sidechain,A,339,ALA,sidechain,100.0
A,338,TYR,sidechain,A,335,ASP,sidechain,100.0
A,338,TYR,sidechain,A,341,GLU,sidechain,100.0
A,338,TYR,sidechain,A,342,PHE,sidechain,100.0
A,338,TYR,sidechain,A,24,LYS,sidechain,100.0
A,338,TYR,sidechain,A,331,LEU,sidechain,100.0
A,338,TYR,sidechain,A,19,PRO,sidechain,100.0
A,338,TYR,sidechain,A,333,THR,sidechain,100.0
A,338,TYR,sidechain,A,21,VAL,sidechain,100.0
