A,25,CYS,sidechain,A,59,ALA,sidechain,100.0
A,48,CYS,sidechain,A,47,ALA,sidechain,100.0
A,107,CYS,sidechain,A,71,ALA,sidechain,100.0
A,124,CYS,sidechain,A,25,CYS,sidechain,100.0
A,50,ASP,sidechain,A,47,ALA,sidechain,100.0
A,120,ASP,sidechain,A,115,ASP,sidechain,100.0
A,128,ASP,sidechain,A,71,ALA,sidechain,100.0
A,128,ASP,sidechain,A,107,CYS,sidechain,100.0
A,24,GLU,sidechain,A,25,CYS,sidechain,100.0
A,24,GLU,sidechain,A,124,CYS,sidechain,100.0
A,26,GLU,sidechain,A,59,ALA,sidechain,100.0
A,26,GLU,sidechain,A,120,ASP,sidechain,100.0
A,39,GLU,sidechain,A,42,ALA,sidechain,100.0
A,39,GLU,sidechain,A,34,ASP,sidechain,100.0
A,89,GLU,sidechain,A,87,ASP,sidechain,100.0
A,91,GLU,sidechain,A,92,ALA,sidechain,100.0
A,126,GLU,sidechain,A,124,CYS,sidechain,100.0
A,12,PHE,sidechain,A,13,GLU,sidechain,100.0
A,17,PHE,sidechain,A,15,GLU,sidechain,100.0
A,18,PHE,sidechain,A,15,GLU,sidechain,100.0
A,18,PHE,sidechain,A,12,PHE,sidechain,100.0
A,18,PHE,sidechain,A,17,PHE,sidechain,100.0
A,32,PHE,sidechain,A,47,ALA,sidechain,100.0
A,32,PHE,sidechain,A,34,ASP,sidechain,100.0
A,32,PHE,sidechain,A,39,GLU,sidechain,100.0
A,44,PHE,sidechain,A,47,ALA,sidechain,100.0
A,44,PHE,sidechain,A,48,CYS,sidechain,100.0
A,57,PHE,sidechain,A,56,ALA,sidechain,100.0
A,57,PHE,sidechain,A,59,ALA,sidechain,100.0
A,57,PHE,sidechain,A,25,CYS,sidechain,100.0
A,68,PHE,sidechain,A,47,ALA,sidechain,100.0
A,68,PHE,sidechain,A,99,ALA,sidechain,100.0
A,68,PHE,sidechain,A,48,CYS,sidechain,100.0
A,69,PHE,sidechain,A,68,PHE,sidechain,100.0
A,127,PHE,sidechain,A,107,CYS,sidechain,100.0
A,127,PHE,sidechain,A,128,ASP,sidechain,100.0
A,127,PHE,sidechain,A,13,GLU,sidechain,100.0
A,127,PHE,sidechain,A,12,PHE,sidechain,100.0
A,37,HIS,sidechain,A,38,GLU,sidechain,100.0
A,27,ILE,sidechain,A,56,ALA,sidechain,100.0
A,27,ILE,sidechain,A,25,CYS,sidechain,100.0
A,27,ILE,sidechain,A,26,GLU,sidechain,100.0
A,27,ILE,sidechain,A,57,PHE,sidechain,100.0
A,55,ILE,sidechain,A,56,ALA,sidechain,100.0
A,55,ILE,sidechain,A,57,PHE,sidechain,100.0
A,55,ILE,sidechain,A,27,ILE,sidechain,100.0
A,102,ILE,sidechain,A,71,ALA,sidechain,100.0
A,102,ILE,sidechain,A,107,CYS,sidechain,100.0
A,109,ILE,sidechain,A,99,ALA,sidechain,100.0
A,109,ILE,sidechain,A,128,ASP,sidechain,100.0
A,109,ILE,sidechain,A,126,GLU,sidechain,100.0
A,114,ILE,sidechain,A,48,CYS,sidechain,100.0
A,114,ILE,sidechain,A,115,ASP,sidechain,100.0
A,114,ILE,sidechain,A,120,ASP,sidechain,100.0
A,114,ILE,sidechain,A,44,PHE,sidechain,100.0
A,114,ILE,sidechain,A,27,ILE,sidechain,100.0
A,114,ILE,sidechain,A,55,ILE,sidechain,100.0
A,11,LYS,sidechain,A,15,GLU,sidechain,100.0
A,11,LYS,sidechain,A,18,PHE,sidechain,100.0
A,20,LYS,sidechain,A,59,ALA,sidechain,100.0
A,20,LYS,sidechain,A,16,GLU,sidechain,100.0
A,20,LYS,sidechain,A,17,PHE,sidechain,100.0
A,28,LYS,sidechain,A,56,ALA,sidechain,100.0
A,28,LYS,sidechain,A,120,ASP,sidechain,100.0
A,28,LYS,sidechain,A,26,GLU,sidechain,100.0
A,28,LYS,sidechain,A,27,ILE,sidechain,100.0
A,94,LYS,sidechain,A,92,ALA,sidechain,100.0
A,94,LYS,sidechain,A,115,ASP,sidechain,100.0
A,94,LYS,sidechain,A,91,GLU,sidechain,100.0
A,98,LYS,sidechain,A,99,ALA,sidechain,100.0
A,98,LYS,sidechain,A,84,GLU,sidechain,100.0
A,98,LYS,sidechain,A,126,GLU,sidechain,100.0
A,98,LYS,sidechain,A,109,ILE,sidechain,100.0
A,111,LYS,sidechain,A,124,CYS,sidechain,100.0
A,111,LYS,sidechain,A,126,GLU,sidechain,100.0
A,111,LYS,sidechain,A,109,ILE,sidechain,100.0
A,111,LYS,sidechain,A,98,LYS,sidechain,100.0
A,21,LEU,sidechain,A,25,CYS,sidechain,100.0
A,21,LEU,sidechain,A,17,PHE,sidechain,100.0
A,21,LEU,sidechain,A,18,PHE,sidechain,100.0
A,21,LEU,sidechain,A,57,PHE,sidechain,100.0
A,21,LEU,sidechain,A,20,LYS,sidechain,100.0
A,64,LEU,sidechain,A,56,ALA,sidechain,100.0
A,64,LEU,sidechain,A,57,PHE,sidechain,100.0
A,64,LEU,sidechain,A,55,ILE,sidechain,100.0
A,64,LEU,sidechain,A,21,LEU,sidechain,100.0
A,66,LEU,sidechain,A,99,ALA,sidechain,100.0
A,66,LEU,sidechain,A,68,PHE,sidechain,100.0
A,66,LEU,sidechain,A,55,ILE,sidechain,100.0
A,66,LEU,sidechain,A,64,LEU,sidechain,100.0
A,88,LEU,sidechain,A,48,CYS,sidechain,100.0
A,88,LEU,sidechain,A,87,ASP,sidechain,100.0
A,88,LEU,sidechain,A,89,GLU,sidechain,100.0
A,97,LEU,sidechain,A,99,ALA,sidechain,100.0
A,97,LEU,sidechain,A,48,CYS,sidechain,100.0
A,97,LEU,sidechain,A,44,PHE,sidechain,100.0
A,97,LEU,sidechain,A,68,PHE,sidechain,100.0
A,97,LEU,sidechain,A,114,ILE,sidechain,100.0
A,97,LEU,sidechain,A,66,LEU,sidechain,100.0
A,103,LEU,sidechain,A,17,PHE,sidechain,100.0
A,103,LEU,sidechain,A,18,PHE,sidechain,100.0
A,103,LEU,sidechain,A,21,LEU,sidechain,100.0
A,103,LEU,sidechain,A,64,LEU,sidechain,100.0
A,116,LEU,sidechain,A,48,CYS,sidechain,100.0
A,116,LEU,sidechain,A,115,ASP,sidechain,100.0
A,116,LEU,sidechain,A,44,PHE,sidechain,100.0
A,116,LEU,sidechain,A,114,ILE,sidechain,100.0
A,116,LEU,sidechain,A,88,LEU,sidechain,100.0
A,119,LEU,sidechain,A,115,ASP,sidechain,100.0
A,119,LEU,sidechain,A,120,ASP,sidechain,100.0
A,119,LEU,sidechain,A,44,PHE,sidechain,100.0
A,119,LEU,sidechain,A,37,HIS,sidechain,100.0
A,119,LEU,sidechain,A,114,ILE,sidechain,100.0
A,125,LEU,sidechain,A,124,CYS,sidechain,100.0
A,125,LEU,sidechain,A,12,PHE,sidechain,100.0
A,125,LEU,sidechain,A,17,PHE,sidechain,100.0
A,125,LEU,sidechain,A,18,PHE,sidechain,100.0
A,125,LEU,sidechain,A,57,PHE,sidechain,100.0
A,125,LEU,sidechain,A,21,LEU,sidechain,100.0
A,125,LEU,sidechain,A,64,LEU,sidechain,100.0
A,125,LEU,sidechain,A,103,LEU,sidechain,100.0
A,101,MET,sidechain,A,99,ALA,sidechain,100.0
A,101,MET,sidechain,A,102,ILE,sidechain,100.0
A,101,MET,sidechain,A,64,LEU,sidechain,100.0
A,101,MET,sidechain,A,66,LEU,sidechain,100.0
A,101,MET,sidechain,A,103,LEU,sidechain,100.0
A,101,MET,sidechain,A,125,LEU,sidechain,100.0
A,122,MET,sidechain,A,25,CYS,sidechain,100.0
A,122,MET,sidechain,A,24,GLU,sidechain,100.0
A,122,MET,sidechain,A,26,GLU,sidechain,100.0
A,122,MET,sidechain,A,27,ILE,sidechain,100.0
A,14,ASN,sidechain,A,13,GLU,sidechain,100.0
A,46,ASN,sidechain,A,42,ALA,sidechain,100.0
A,46,ASN,sidechain,A,47,ALA,sidechain,100.0
A,46,ASN,sidechain,A,50,ASP,sidechain,100.0
A,63,ASN,sidechain,A,56,ALA,sidechain,100.0
A,63,ASN,sidechain,A,54,GLU,sidechain,100.0
A,63,ASN,sidechain,A,64,LEU,sidechain,100.0
A,104,ASN,sidechain,A,15,GLU,sidechain,100.0
A,104,ASN,sidechain,A,17,PHE,sidechain,100.0
A,104,ASN,sidechain,A,18,PHE,sidechain,100.0
A,104,ASN,sidechain,A,11,LYS,sidechain,100.0
A,104,ASN,sidechain,A,103,LEU,sidechain,100.0
A,2,PRO,sidechain,A,1,MET,sidechain,100.0
A,6,PRO,sidechain,A,7,ASP,sidechain,100.0
A,36,PRO,sidechain,A,38,GLU,sidechain,100.0
A,36,PRO,sidechain,A,39,GLU,sidechain,100.0
A,70,PRO,sidechain,A,71,ALA,sidechain,100.0
A,70,PRO,sidechain,A,84,GLU,sidechain,100.0
A,70,PRO,sidechain,A,69,PHE,sidechain,100.0
A,81,PRO,sidechain,A,68,PHE,sidechain,100.0
A,81,PRO,sidechain,A,69,PHE,sidechain,100.0
A,100,PRO,sidechain,A,71,ALA,sidechain,100.0
A,100,PRO,sidechain,A,99,ALA,sidechain,100.0
A,100,PRO,sidechain,A,128,ASP,sidechain,100.0
A,100,PRO,sidechain,A,109,ILE,sidechain,100.0
A,100,PRO,sidechain,A,98,LYS,sidechain,100.0
A,100,PRO,sidechain,A,101,MET,sidechain,100.0
A,100,PRO,sidechain,A,70,PRO,sidechain,100.0
A,8,GLN,sidechain,A,107,CYS,sidechain,100.0
A,8,GLN,sidechain,A,127,PHE,sidechain,100.0
A,8,GLN,sidechain,A,102,ILE,sidechain,100.0
A,8,GLN,sidechain,A,11,LYS,sidechain,100.0
A,8,GLN,sidechain,A,6,PRO,sidechain,100.0
A,41,GLN,sidechain,A,42,ALA,sidechain,100.0
A,41,GLN,sidechain,A,38,GLU,sidechain,100.0
A,41,GLN,sidechain,A,37,HIS,sidechain,100.0
A,41,GLN,sidechain,A,116,LEU,sidechain,100.0
A,41,GLN,sidechain,A,119,LEU,sidechain,100.0
A,45,GLN,sidechain,A,42,ALA,sidechain,100.0
A,45,GLN,sidechain,A,48,CYS,sidechain,100.0
A,45,GLN,sidechain,A,44,PHE,sidechain,100.0
A,45,GLN,sidechain,A,88,LEU,sidechain,100.0
A,45,GLN,sidechain,A,116,LEU,sidechain,100.0
A,45,GLN,sidechain,A,46,ASN,sidechain,100.0
A,45,GLN,sidechain,A,41,GLN,sidechain,100.0
A,67,GLN,sidechain,A,99,ALA,sidechain,100.0
A,67,GLN,sidechain,A,69,PHE,sidechain,100.0
A,79,GLN,sidechain,A,69,PHE,sidechain,100.0
A,79,GLN,sidechain,A,77,GLN,sidechain,100.0
A,117,GLN,sidechain,A,115,ASP,sidechain,100.0
A,117,GLN,sidechain,A,116,LEU,sidechain,100.0
A,117,GLN,sidechain,A,41,GLN,sidechain,100.0
A,3,ARG,sidechain,A,102,ILE,sidechain,100.0
A,9,ARG,sidechain,A,7,ASP,sidechain,100.0
A,9,ARG,sidechain,A,13,GLU,sidechain,100.0
A,9,ARG,sidechain,A,127,PHE,sidechain,100.0
A,19,ARG,sidechain,A,16,GLU,sidechain,100.0
A,19,ARG,sidechain,A,14,ASN,sidechain,100.0
A,23,ARG,sidechain,A,25,CYS,sidechain,100.0
A,23,ARG,sidechain,A,20,LYS,sidechain,100.0
A,23,ARG,sidechain,A,19,ARG,sidechain,100.0
A,33,ARG,sidechain,A,56,ALA,sidechain,100.0
A,33,ARG,sidechain,A,63,ASN,sidechain,100.0
A,35,ARG,sidechain,A,34,ASP,sidechain,100.0
A,35,ARG,sidechain,A,39,GLU,sidechain,100.0
A,35,ARG,sidechain,A,32,PHE,sidechain,100.0
A,35,ARG,sidechain,A,36,PRO,sidechain,100.0
A,40,ARG,sidechain,A,32,PHE,sidechain,100.0
A,40,ARG,sidechain,A,37,HIS,sidechain,100.0
A,40,ARG,sidechain,A,119,LEU,sidechain,100.0
A,40,ARG,sidechain,A,33,ARG,sidechain,100.0
A,43,ARG,sidechain,A,42,ALA,sidechain,100.0
A,43,ARG,sidechain,A,39,GLU,sidechain,100.0
A,43,ARG,sidechain,A,32,PHE,sidechain,100.0
A,43,ARG,sidechain,A,46,ASN,sidechain,100.0
A,43,ARG,sidechain,A,35,ARG,sidechain,100.0
A,49,ARG,sidechain,A,48,CYS,sidechain,100.0
A,49,ARG,sidechain,A,50,ASP,sidechain,100.0
A,49,ARG,sidechain,A,88,LEU,sidechain,100.0
A,49,ARG,sidechain,A,46,ASN,sidechain,100.0
A,49,ARG,sidechain,A,45,GLN,sidechain,100.0
A,52,ARG,sidechain,A,50,ASP,sidechain,100.0
A,52,ARG,sidechain,A,69,PHE,sidechain,100.0
A,52,ARG,sidechain,A,67,GLN,sidechain,100.0
A,78,ARG,sidechain,A,50,ASP,sidechain,100.0
A,83,ARG,sidechain,A,87,ASP,sidechain,100.0
A,83,ARG,sidechain,A,89,GLU,sidechain,100.0
A,90,ARG,sidechain,A,87,ASP,sidechain,100.0
A,90,ARG,sidechain,A,91,GLU,sidechain,100.0
A,118,ARG,sidechain,A,115,ASP,sidechain,100.0
A,118,ARG,sidechain,A,120,ASP,sidechain,100.0
A,10,SER,sidechain,A,7,ASP,sidechain,100.0
A,10,SER,sidechain,A,13,GLU,sidechain,100.0
A,10,SER,sidechain,A,11,LYS,sidechain,100.0
A,10,SER,sidechain,A,14,ASN,sidechain,100.0
A,22,SER,sidechain,A,124,CYS,sidechain,100.0
A,22,SER,sidechain,A,12,PHE,sidechain,100.0
A,22,SER,sidechain,A,18,PHE,sidechain,100.0
A,22,SER,sidechain,A,21,LEU,sidechain,100.0
A,22,SER,sidechain,A,125,LEU,sidechain,100.0
A,22,SER,sidechain,A,19,ARG,sidechain,100.0
A,22,SER,sidechain,A,23,ARG,sidechain,100.0
A,53,SER,sidechain,A,47,ALA,sidechain,100.0
A,53,SER,sidechain,A,48,CYS,sidechain,100.0
A,53,SER,sidechain,A,54,GLU,sidechain,100.0
A,53,SER,sidechain,A,44,PHE,sidechain,100.0
A,53,SER,sidechain,A,68,PHE,sidechain,100.0
A,53,SER,sidechain,A,55,ILE,sidechain,100.0
A,53,SER,sidechain,A,114,ILE,sidechain,100.0
A,53,SER,sidechain,A,66,LEU,sidechain,100.0
A,53,SER,sidechain,A,97,LEU,sidechain,100.0
A,65,SER,sidechain,A,54,GLU,sidechain,100.0
A,65,SER,sidechain,A,64,LEU,sidechain,100.0
A,65,SER,sidechain,A,66,LEU,sidechain,100.0
A,65,SER,sidechain,A,67,GLN,sidechain,100.0
A,72,SER,sidechain,A,71,ALA,sidechain,100.0
A,72,SER,sidechain,A,70,PRO,sidechain,100.0
A,72,SER,sidechain,A,74,GLN,sidechain,100.0
A,82,SER,sidechain,A,84,GLU,sidechain,100.0
A,82,SER,sidechain,A,70,PRO,sidechain,100.0
A,82,SER,sidechain,A,81,PRO,sidechain,100.0
A,30,THR,sidechain,A,56,ALA,sidechain,100.0
A,30,THR,sidechain,A,54,GLU,sidechain,100.0
A,30,THR,sidechain,A,55,ILE,sidechain,100.0
A,30,THR,sidechain,A,63,ASN,sidechain,100.0
A,30,THR,sidechain,A,33,ARG,sidechain,100.0
A,30,THR,sidechain,A,53,SER,sidechain,100.0
A,60,THR,sidechain,A,59,ALA,sidechain,100.0
A,60,THR,sidechain,A,25,CYS,sidechain,100.0
A,60,THR,sidechain,A,17,PHE,sidechain,100.0
A,60,THR,sidechain,A,57,PHE,sidechain,100.0
A,60,THR,sidechain,A,20,LYS,sidechain,100.0
A,60,THR,sidechain,A,21,LEU,sidechain,100.0
A,62,THR,sidechain,A,56,ALA,sidechain,100.0
A,62,THR,sidechain,A,17,PHE,sidechain,100.0
A,62,THR,sidechain,A,57,PHE,sidechain,100.0
A,62,THR,sidechain,A,21,LEU,sidechain,100.0
A,62,THR,sidechain,A,64,LEU,sidechain,100.0
A,62,THR,sidechain,A,103,LEU,sidechain,100.0
A,62,THR,sidechain,A,63,ASN,sidechain,100.0
A,62,THR,sidechain,A,60,THR,sidechain,100.0
A,80,THR,sidechain,A,81,PRO,sidechain,100.0
A,80,THR,sidechain,A,79,GLN,sidechain,100.0
A,4,VAL,sidechain,A,107,CYS,sidechain,100.0
A,4,VAL,sidechain,A,102,ILE,sidechain,100.0
A,4,VAL,sidechain,A,2,PRO,sidechain,100.0
A,4,VAL,sidechain,A,6,PRO,sidechain,100.0
A,4,VAL,sidechain,A,8,GLN,sidechain,100.0
A,4,VAL,sidechain,A,3,ARG,sidechain,100.0
A,5,VAL,sidechain,A,11,LYS,sidechain,100.0
A,5,VAL,sidechain,A,6,PRO,sidechain,100.0
A,5,VAL,sidechain,A,8,GLN,sidechain,100.0
A,5,VAL,sidechain,A,4,VAL,sidechain,100.0
A,58,VAL,sidechain,A,56,ALA,sidechain,100.0
A,58,VAL,sidechain,A,59,ALA,sidechain,100.0
A,58,VAL,sidechain,A,26,GLU,sidechain,100.0
A,58,VAL,sidechain,A,27,ILE,sidechain,100.0
A,58,VAL,sidechain,A,28,LYS,sidechain,100.0
A,86,VAL,sidechain,A,48,CYS,sidechain,100.0
A,86,VAL,sidechain,A,87,ASP,sidechain,100.0
A,86,VAL,sidechain,A,68,PHE,sidechain,100.0
A,86,VAL,sidechain,A,88,LEU,sidechain,100.0
A,86,VAL,sidechain,A,97,LEU,sidechain,100.0
A,86,VAL,sidechain,A,81,PRO,sidechain,100.0
A,86,VAL,sidechain,A,82,SER,sidechain,100.0
A,95,VAL,sidechain,A,48,CYS,sidechain,100.0
A,95,VAL,sidechain,A,44,PHE,sidechain,100.0
A,95,VAL,sidechain,A,68,PHE,sidechain,100.0
A,95,VAL,sidechain,A,114,ILE,sidechain,100.0
A,95,VAL,sidechain,A,88,LEU,sidechain,100.0
A,95,VAL,sidechain,A,97,LEU,sidechain,100.0
A,95,VAL,sidechain,A,116,LEU,sidechain,100.0
A,95,VAL,sidechain,A,86,VAL,sidechain,100.0
A,106,VAL,sidechain,A,107,CYS,sidechain,100.0
A,106,VAL,sidechain,A,15,GLU,sidechain,100.0
A,106,VAL,sidechain,A,12,PHE,sidechain,100.0
A,106,VAL,sidechain,A,18,PHE,sidechain,100.0
A,106,VAL,sidechain,A,127,PHE,sidechain,100.0
A,106,VAL,sidechain,A,102,ILE,sidechain,100.0
A,106,VAL,sidechain,A,11,LYS,sidechain,100.0
A,106,VAL,sidechain,A,103,LEU,sidechain,100.0
A,106,VAL,sidechain,A,104,ASN,sidechain,100.0
A,106,VAL,sidechain,A,8,GLN,sidechain,100.0
A,106,VAL,sidechain,A,4,VAL,sidechain,100.0
A,106,VAL,sidechain,A,5,VAL,sidechain,100.0
A,108,VAL,sidechain,A,107,CYS,sidechain,100.0
A,108,VAL,sidechain,A,128,ASP,sidechain,100.0
A,108,VAL,sidechain,A,12,PHE,sidechain,100.0
A,108,VAL,sidechain,A,18,PHE,sidechain,100.0
A,108,VAL,sidechain,A,127,PHE,sidechain,100.0
A,108,VAL,sidechain,A,102,ILE,sidechain,100.0
A,108,VAL,sidechain,A,109,ILE,sidechain,100.0
A,108,VAL,sidechain,A,103,LEU,sidechain,100.0
A,108,VAL,sidechain,A,125,LEU,sidechain,100.0
A,108,VAL,sidechain,A,101,MET,sidechain,100.0
A,108,VAL,sidechain,A,106,VAL,sidechain,100.0
A,73,TRP,sidechain,A,69,PHE,sidechain,100.0
A,73,TRP,sidechain,A,70,PRO,sidechain,100.0
A,73,TRP,sidechain,A,67,GLN,sidechain,100.0
A,73,TRP,sidechain,A,79,GLN,sidechain,100.0
A,73,TRP,sidechain,A,52,ARG,sidechain,100.0
A,110,TRP,sidechain,A,99,ALA,sidechain,100.0
A,110,TRP,sidechain,A,124,CYS,sidechain,100.0
A,110,TRP,sidechain,A,57,PHE,sidechain,100.0
A,110,TRP,sidechain,A,27,ILE,sidechain,100.0
A,110,TRP,sidechain,A,55,ILE,sidechain,100.0
A,110,TRP,sidechain,A,111,LYS,sidechain,100.0
A,110,TRP,sidechain,A,64,LEU,sidechain,100.0
A,110,TRP,sidechain,A,66,LEU,sidechain,100.0
A,110,TRP,sidechain,A,97,LEU,sidechain,100.0
A,110,TRP,sidechain,A,125,LEU,sidechain,100.0
A,110,TRP,sidechain,A,101,MET,sidechain,100.0
A,113,TRP,sidechain,A,115,ASP,sidechain,100.0
A,113,TRP,sidechain,A,24,GLU,sidechain,100.0
A,113,TRP,sidechain,A,91,GLU,sidechain,100.0
A,113,TRP,sidechain,A,114,ILE,sidechain,100.0
A,113,TRP,sidechain,A,94,LYS,sidechain,100.0
A,113,TRP,sidechain,A,122,MET,sidechain,100.0
A,29,TYR,sidechain,A,47,ALA,sidechain,100.0
A,29,TYR,sidechain,A,48,CYS,sidechain,100.0
A,29,TYR,sidechain,A,54,GLU,sidechain,100.0
A,29,TYR,sidechain,A,32,PHE,sidechain,100.0
A,29,TYR,sidechain,A,44,PHE,sidechain,100.0
A,29,TYR,sidechain,A,55,ILE,sidechain,100.0
A,29,TYR,sidechain,A,114,ILE,sidechain,100.0
A,29,TYR,sidechain,A,119,LEU,sidechain,100.0
A,29,TYR,sidechain,A,40,ARG,sidechain,100.0
A,29,TYR,sidechain,A,53,SER,sidechain,100.0
A,29,TYR,sidechain,A,30,THR,sidechain,100.0
A,85,TYR,sidechain,A,99,ALA,sidechain,100.0
A,85,TYR,sidechain,A,84,GLU,sidechain,100.0
A,85,TYR,sidechain,A,69,PHE,sidechain,100.0
A,85,TYR,sidechain,A,98,LYS,sidechain,100.0
A,85,TYR,sidechain,A,70,PRO,sidechain,100.0
A,85,TYR,sidechain,A,81,PRO,sidechain,100.0
A,85,TYR,sidechain,A,100,PRO,sidechain,100.0
A,85,TYR,sidechain,A,82,SER,sidechain,100.0
A,96,TYR,sidechain,A,87,ASP,sidechain,100.0
A,96,TYR,sidechain,A,91,GLU,sidechain,100.0
A,96,TYR,sidechain,A,94,LYS,sidechain,100.0
A,96,TYR,sidechain,A,90,ARG,sidechain,100.0
A,96,TYR,sidechain,A,95,VAL,sidechain,100.0
A,96,TYR,sidechain,A,113,TRP,sidechain,100.0
