Mutation,"Stability (FoldX5, kcal/mol)","Stability (Rosetta Flexddg2020, kcal/mol)",Stability classification,gnomAD genome allele frequency,gnomAD exome allele frequency,REVEL score,Mutation sources,PMID / DOI,AlphaFold2 model pLDDT score,AlphaFold2 model secondary structure
R3C,-0.05578,0.99014,Neutral,,,0.358,"cBioPortal,COSMIC",,76.45,S
R3L,-0.25653,0.27449,Neutral,,,,cBioPortal,,76.45,S
R3G,0.77043,1.79082,Neutral,,,0.804,cBioPortal,,76.45,S
V4D,4.88418,5.60136,Destabilizing,,,,COSMIC,,85.47,S
V4G,3.23127,3.62721,Destabilizing,,,0.816,"cBioPortal,COSMIC",,85.47,S
V4F,10.79998,5.18741,Destabilizing,,,0.493,"cBioPortal,COSMIC",,85.47,S
P6L,0.74963,0.02449,Neutral,,,0.766,cBioPortal,,83.69,S
D7E,0.91507,1.4466,Neutral,,0.0,,"cBioPortal,COSMIC",,87.93,S
D7A,3.08384,1.75884,Uncertain,,,,"cBioPortal,COSMIC",,87.93,S
D7N,1.72834,0.40748,Neutral,,0.0,0.154,cBioPortal,,87.93,S
Q8H,7.93423,2.82891,Uncertain,,,"0.583, 0.860","cBioPortal,COSMIC",,91.78,H
Q8R,5.92954,8.92449,Destabilizing,,,0.785,cBioPortal,,91.78,H
R9S,0.49769,1.32007,Neutral,,,0.185,cBioPortal,,92.14,H
R9G,0.65039,1.6432,Neutral,,,0.273,COSMIC,,92.14,H
S10C,0.45432,1.10612,Neutral,,,0.170,"cBioPortal,COSMIC",,93.24,H
F12L,1.35164,3.3619,Uncertain,,,"0.351, 0.358","cBioPortal,COSMIC",,93.88,H
F12I,2.62148,5.11156,Uncertain,,,0.412,cBioPortal,,93.88,H
E13D,0.60502,-0.02755,Neutral,,,0.289,cBioPortal,,93.63,H
E16K,-0.07792,0.50816,Neutral,,,0.784,cBioPortal,,92.42,H
F18L,1.17766,2.29524,Uncertain,,,0.184,cBioPortal,,93.7,H
L21R,5.07107,6.70408,Destabilizing,,,0.827,"cBioPortal,COSMIC",,93.55,H
L21P,5.5507,10.48265,Destabilizing,,,0.401,cBioPortal,,93.55,H
L21V,1.80347,2.61735,Uncertain,,,0.173,"cBioPortal,COSMIC",,93.55,H
R23H,0.44645,0.04048,Neutral,,,0.309,cBioPortal,,93.55,S
E26A,0.78345,0.39388,Neutral,,,,COSMIC,,97.26,E
I27F,11.93663,3.30884,Destabilizing,,,0.387,cBioPortal,,97.38,E
K28R,0.32764,-0.37755,Neutral,,,0.248,cBioPortal,,97.09,E
T30K,0.66622,0.47041,Neutral,,,,cBioPortal,,95.77,-
T30R,0.63674,0.88469,Neutral,,,,cBioPortal,,95.77,-
G31D,2.09412,0.11361,Uncertain,,,0.601,cBioPortal,,93.12,T
F32C,0.83107,1.95544,Neutral,,,0.879,"cBioPortal,COSMIC",,93.14,T
R35P,2.92597,5.55714,Uncertain,,,0.588,"cBioPortal,COSMIC",,94.69,S
P36S,0.83438,0.89082,Neutral,,,0.655,cBioPortal,,96.1,-
P36H,2.09603,0.5051,Uncertain,,,0.469,"cBioPortal,COSMIC",,96.1,-
P36A,1.38742,1.03163,Neutral,,,0.246,cBioPortal,,96.1,-
H37Y,0.11625,1.66054,Neutral,,,0.135,COSMIC,,95.63,H
H37Q,0.1385,0.72007,Neutral,,,0.510,COSMIC,,95.63,H
E38K,1.74302,0.1619,Neutral,,,0.481,cBioPortal,,95.56,H
E39K,0.76479,1.63673,Neutral,,,0.869,cBioPortal,,96.41,H
E39G,1.77976,2.58265,Uncertain,,,0.566,"cBioPortal,COSMIC",,96.41,H
R40H,15.09844,3.3119,Destabilizing,,,0.565,"cBioPortal,COSMIC",,96.64,H
R40S,3.67369,3.3881,Destabilizing,,,,cBioPortal,,96.64,H
A42T,0.05939,-0.14796,Neutral,,,0.158,cBioPortal,,95.38,H
R43G,1.45694,1.75,Neutral,,,,"cBioPortal,COSMIC",,95.26,H
R43C,0.91146,0.91122,Neutral,,0.0,0.315,"cBioPortal,COSMIC",,95.26,H
R43P,3.19669,8.77619,Destabilizing,,,0.845,"cBioPortal,COSMIC",,95.26,H
F44V,5.83096,3.47959,Destabilizing,,,0.598,"cBioPortal,COSMIC",,95.83,H
C48R,4.65469,4.00816,Destabilizing,,,0.491,cBioPortal,,91.95,H
R49C,1.69663,0.53469,Neutral,,,0.773,cBioPortal,,89.19,H
G51V,13.69906,9.5068,Destabilizing,,,0.744,cBioPortal,,91.28,T
G51S,9.14007,3.92619,Destabilizing,,,0.528,"cBioPortal,COSMIC",,91.28,T
G51C,10.31854,4.02347,Destabilizing,,,0.811,"cBioPortal,COSMIC",,91.28,T
R52H,1.47548,-0.19626,Neutral,,1.858235234e-05,0.197,COSMIC,,92.28,E
S53W,19.81024,2.64796,Uncertain,,,0.252,"cBioPortal,COSMIC",,94.76,E
I55N,4.4414,4.12211,Destabilizing,,,0.331,cBioPortal,,96.62,E
A56V,-0.90833,-0.72823,Neutral,,,0.737,cBioPortal,,96.72,E
A56D,2.71615,2.23571,Uncertain,,,0.643,cBioPortal,,96.72,E
A56G,1.13439,1.90782,Neutral,,,,"cBioPortal,COSMIC",,96.72,E
V58E,0.23792,1.00952,Neutral,,,0.913,cBioPortal,,95.02,T
A59S,0.42025,0.44218,Neutral,,,0.256,cBioPortal,,90.79,T
G61R,2.25182,1.59966,Uncertain,,,,cBioPortal,,92.88,-
G61E,2.7179,1.52551,Uncertain,,,0.774,cBioPortal,,92.88,-
G61V,4.32824,6.0534,Destabilizing,,,0.850,cBioPortal,,92.88,-
N63Y,-0.64613,-1.17517,Neutral,,,0.764,cBioPortal,,95.24,E
N63I,-0.41184,-1.21973,Neutral,,,,"cBioPortal,COSMIC",,95.24,E
N63S,0.81447,0.08197,Neutral,,7.9534247447e-06,0.737,"cBioPortal,COSMIC",,95.24,E
L64R,3.01884,7.08878,Destabilizing,,,0.741,cBioPortal,,95.07,E
L64P,7.19879,3.70952,Destabilizing,,,0.678,COSMIC,,95.07,E
S65A,-0.09265,0.2,Neutral,,,0.388,cBioPortal,,94.65,E
L66F,7.47423,1.46327,Uncertain,,,0.471,cBioPortal,,94.71,E
L66V,3.43764,2.97007,Uncertain,,,0.626,cBioPortal,,94.71,E
Q67H,0.32582,1.25476,Neutral,,,0.541,"cBioPortal,COSMIC",,93.65,E
F68V,6.92119,4.40102,Destabilizing,,,0.725,cBioPortal,,92.95,-
F69V,1.7523,2.84592,Uncertain,,,,"cBioPortal,COSMIC",,90.98,S
F69C,3.36783,3.80408,Destabilizing,,,0.405,cBioPortal,,90.98,S
P70L,1.88535,1.63707,Neutral,,3.9769021523e-06,,"cBioPortal,COSMIC",,85.77,-
P70S,2.009,0.67347,Uncertain,,,0.325,cBioPortal,,85.77,-
A71T,1.31054,0.56667,Neutral,,,0.237,cBioPortal,,79.77,T
Q74K,0.105,1.33605,Neutral,,,,"cBioPortal,COSMIC",,66.26,-
G75E,-0.60706,-0.66259,Neutral,,3.9765542362e-06,0.381,cBioPortal,,58.51,-
S82T,1.0487,0.21224,Neutral,,,0.106,cBioPortal,,88.96,-
R83P,-0.36939,-0.60782,Neutral,,,0.365,cBioPortal,,90.33,T
R83Q,-0.01495,0.2466,Neutral,,3.9766174892e-06,0.185,"cBioPortal,COSMIC",,90.33,T
R83L,0.57528,0.01497,Neutral,,,0.315,"cBioPortal,COSMIC",,90.33,T
E84D,0.049,-0.24082,Neutral,,,0.180,"cBioPortal,COSMIC",,92.04,T
D87N,0.49535,0.83537,Neutral,,7.9539940981e-06,0.602,"cBioPortal,COSMIC",,94.36,E
D87H,1.84611,2.82857,Uncertain,,,,cBioPortal,,94.36,E
G93V,5.05862,4.24898,Destabilizing,,,0.776,COSMIC,,93.74,T
K94R,0.42689,-0.03367,Neutral,,,0.689,COSMIC,,96.46,E
K94M,-0.51517,0.08435,Neutral,,,0.428,"cBioPortal,COSMIC",,96.46,E
V95E,6.96031,6.60714,Destabilizing,,,0.931,"cBioPortal,COSMIC",,95.94,E
V95L,3.95071,3.44524,Destabilizing,,,,cBioPortal,,95.94,E
K98N,1.54053,0.08163,Neutral,,3.9798777382e-06,0.233,cBioPortal,,96.08,E
A99V,1.9095,0.7881,Neutral,,,0.735,"cBioPortal,COSMIC",,95.38,E
A99S,0.09346,0.95782,Neutral,,,0.279,cBioPortal,,95.38,E
P100S,3.11954,1.51599,Uncertain,,,,COSMIC,,94.28,E
P100A,2.21772,1.72483,Uncertain,,7.9588685672e-06,,COSMIC,,94.28,E
M101R,2.47851,3.60952,Uncertain,,,0.745,cBioPortal,,92.23,E
M101V,3.14173,1.82313,Uncertain,,,0.581,"cBioPortal,COSMIC",,92.23,E
I102F,2.55095,2.02313,Uncertain,,,,cBioPortal,,91.94,E
I102N,1.34186,3.15136,Uncertain,,,0.701,"cBioPortal,COSMIC",,91.94,E
I102M,1.01956,1.90272,Neutral,,,0.458,"cBioPortal,COSMIC",,91.94,E
L103R,1.95627,4.0381,Uncertain,,,0.920,"cBioPortal,COSMIC",,91.92,E
N104S,1.14072,1.16565,Neutral,,,0.624,"cBioPortal,COSMIC",,89.84,T
G105V,6.4266,6.47619,Destabilizing,,,0.826,cBioPortal,,91.27,T
G105E,4.90725,1.10578,Uncertain,,,0.809,"cBioPortal,COSMIC",,91.27,T
V106G,4.61935,5.52585,Destabilizing,,,0.845,"cBioPortal,COSMIC",,94.08,E
C107Y,22.2071,6.99864,Destabilizing,,,0.905,cBioPortal,,94.42,E
C107F,13.61882,6.75952,Destabilizing,,,0.718,cBioPortal,,94.42,E
I109T,1.39618,1.53605,Neutral,3.18390219052e-05,1.9887832624e-05,0.190,"cBioPortal,COSMIC",,96.29,E
W110L,1.51967,3.55544,Uncertain,,,0.713,cBioPortal,,96.57,E
W110R,5.46677,5.53673,Destabilizing,,,0.921,COSMIC,,96.57,E
W110C,4.73448,4.98265,Destabilizing,,,0.715,"cBioPortal,COSMIC",,96.57,E
K111E,1.3169,1.56837,Neutral,,,0.188,cBioPortal,,96.73,E
G112S,13.35552,4.83537,Destabilizing,,,0.838,"cBioPortal,COSMIC",,96.98,E
I114S,4.78221,4.28741,Destabilizing,,,0.879,COSMIC,,97.62,E
I114F,4.81717,0.4585,Uncertain,,,0.686,cBioPortal,,97.62,E
I114T,3.08093,2.69422,Uncertain,,,0.531,cBioPortal,,97.62,E
D115H,1.31281,0.01565,Neutral,,,0.840,"cBioPortal,COSMIC",,97.25,E
D115V,0.89846,0.76463,Neutral,,,0.820,cBioPortal,,97.25,E
L116F,0.13993,1.49728,Neutral,6.36942675159e-05,,0.856,"cBioPortal,COSMIC",,95.21,T
L119V,4.29485,6.94728,Destabilizing,,,,cBioPortal,,96.71,S
L119R,5.62869,5.32959,Destabilizing,,,0.951,cBioPortal,,96.71,S
L119Q,3.3302,2.85986,Uncertain,,,0.851,"cBioPortal,COSMIC",,96.71,S
G121D,27.1447,8.24864,Destabilizing,,,0.796,"cBioPortal,COSMIC",,97.15,E
G121S,14.1716,4.24932,Destabilizing,,,0.928,"cBioPortal,COSMIC",,97.15,E
M122I,-0.13007,0.29456,Neutral,,,0.308,"cBioPortal,COSMIC",,97.68,E
G123R,27.77814,16.53503,Destabilizing,,,0.836,"cBioPortal,COSMIC",,96.94,E
G123C,4.00164,2.77245,Uncertain,,,0.830,"cBioPortal,COSMIC",,96.94,E
G123D,15.23146,5.24524,Destabilizing,,,0.783,"cBioPortal,COSMIC",,96.94,E
F127S,4.72729,4.13946,Destabilizing,,,0.416,cBioPortal,,95.61,E
D128H,4.49501,0.92755,Uncertain,,,0.796,cBioPortal,,94.41,-
D128G,3.92475,3.10034,Destabilizing,,,0.794,"cBioPortal,COSMIC",,94.41,-
D128N,2.91779,0.33673,Uncertain,,,0.466,"cBioPortal,COSMIC",,94.41,-
R131Q,-0.05929,0.66531,Neutral,,,,"cBioPortal,COSMIC",,86.95,H
A132T,3.75141,3.96531,Destabilizing,,,0.809,"cBioPortal,COSMIC",,90.0,H
A132S,0.72855,2.11905,Uncertain,,,0.325,"cBioPortal,COSMIC",,90.0,H
A132V,3.97095,2.18061,Uncertain,,,,"cBioPortal,COSMIC",,90.0,H
Q133H,0.56197,0.71463,Neutral,,,,"cBioPortal,COSMIC",,89.15,H
E135K,-0.37156,2.3432,Uncertain,,,,cBioPortal,,86.82,H
E135V,0.25711,2.2068,Uncertain,,,0.752,cBioPortal,,86.82,H
D136G,1.39841,2.42449,Uncertain,,,0.613,"cBioPortal,COSMIC",,86.69,H
A137V,0.57666,-0.15782,Neutral,,,,COSMIC,,85.74,H
A137T,1.08442,-0.13776,Neutral,,,,COSMIC,,85.74,H
A139S,0.83078,1.85102,Neutral,,,0.161,COSMIC,,82.55,H
A139V,0.88116,1.79626,Neutral,3.20204931156e-05,,0.112,cBioPortal,,82.55,H
Q141R,-0.63126,0.13639,Neutral,,,0.127,"cBioPortal,COSMIC",,82.53,H
A146T,0.14343,0.06259,Neutral,,,0.370,cBioPortal,,76.72,H
R147W,0.00884,-0.81735,Neutral,,,0.676,"cBioPortal,COSMIC",,76.49,H
R147L,-0.51588,-1.18605,Neutral,,,0.606,"cBioPortal,COSMIC",,76.49,H
R149G,0.63557,1.91463,Neutral,,,0.563,cBioPortal,,77.62,H
R151H,0.15191,-0.28912,Neutral,3.1887755102e-05,,0.472,"cBioPortal,COSMIC",,76.34,H
R151C,0.55042,0.48503,Neutral,,,0.571,"cBioPortal,COSMIC",,76.34,H
E152K,0.11541,0.37551,Neutral,,3.9786426463e-06,0.194,"cBioPortal,COSMIC",,78.71,H
E154Q,0.1689,-0.23605,Neutral,,,0.197,cBioPortal,,77.15,H
D155N,-0.34259,0.58197,Neutral,,,0.220,cBioPortal,,76.29,H
R156T,0.26025,0.58503,Neutral,,,0.294,"cBioPortal,COSMIC",,75.82,H
H160D,0.01573,1.18946,Neutral,,,0.375,"cBioPortal,COSMIC",,78.98,H
R161W,-0.8472,0.37109,Neutral,,3.9789592634e-06,0.376,"cBioPortal,COSMIC",,78.44,H
R161Q,-0.39074,0.3034,Neutral,,,0.298,cBioPortal,,78.44,H
E163G,0.76549,1.40578,Neutral,,1.5913684177e-05,0.164,cBioPortal,,79.15,H
M164L,0.13406,-0.28571,Neutral,,1.19341236375e-05,0.212,"cBioPortal,COSMIC",,77.14,H
R167I,-0.25218,-0.16293,Neutral,,,0.200,cBioPortal,,79.97,H
T180A,-0.59988,-0.43605,Neutral,,3.9825722638e-06,0.123,cBioPortal,,51.32,-
R181I,0.16263,0.15238,Neutral,,,0.279,cBioPortal,,50.04,-
