chain,resnum,resname,pLDDT,secstruc
A,1,MET,46.56,-
A,2,PRO,55.64,-
A,3,ARG,76.45,S
A,4,VAL,85.47,S
A,5,VAL,86.14,-
A,6,PRO,83.69,S
A,7,ASP,87.93,S
A,8,GLN,91.78,H
A,9,ARG,92.14,H
A,10,SER,93.24,H
A,11,LYS,93.0,H
A,12,PHE,93.88,H
A,13,GLU,93.63,H
A,14,ASN,92.91,H
A,15,GLU,93.46,-
A,16,GLU,92.42,H
A,17,PHE,92.41,H
A,18,PHE,93.7,H
A,19,ARG,93.41,H
A,20,LYS,92.74,H
A,21,LEU,93.55,H
A,22,SER,93.65,T
A,23,ARG,93.55,S
A,24,GLU,93.25,-
A,25,CYS,93.36,E
A,26,GLU,97.26,E
A,27,ILE,97.38,E
A,28,LYS,97.09,E
A,29,TYR,97.02,E
A,30,THR,95.77,-
A,31,GLY,93.12,T
A,32,PHE,93.14,T
A,33,ARG,91.63,T
A,34,ASP,94.52,T
A,35,ARG,94.69,S
A,36,PRO,96.1,-
A,37,HIS,95.63,H
A,38,GLU,95.56,H
A,39,GLU,96.41,H
A,40,ARG,96.64,H
A,41,GLN,95.93,H
A,42,ALA,95.38,H
A,43,ARG,95.26,H
A,44,PHE,95.83,H
A,45,GLN,93.74,H
A,46,ASN,93.38,H
A,47,ALA,92.64,H
A,48,CYS,91.95,H
A,49,ARG,89.19,H
A,50,ASP,90.09,H
A,51,GLY,91.28,T
A,52,ARG,92.28,E
A,53,SER,94.76,E
A,54,GLU,95.73,E
A,55,ILE,96.62,E
A,56,ALA,96.72,E
A,57,PHE,96.05,E
A,58,VAL,95.02,T
A,59,ALA,90.79,T
A,60,THR,90.59,T
A,61,GLY,92.88,-
A,62,THR,93.86,-
A,63,ASN,95.24,E
A,64,LEU,95.07,E
A,65,SER,94.65,E
A,66,LEU,94.71,E
A,67,GLN,93.65,E
A,68,PHE,92.95,-
A,69,PHE,90.98,S
A,70,PRO,85.77,-
A,71,ALA,79.77,T
A,72,SER,75.13,T
A,73,TRP,70.4,-
A,74,GLN,66.26,-
A,75,GLY,58.51,-
A,76,GLU,58.72,-
A,77,GLN,59.52,S
A,78,ARG,63.71,-
A,79,GLN,73.43,-
A,80,THR,82.17,-
A,81,PRO,87.34,-
A,82,SER,88.96,-
A,83,ARG,90.33,T
A,84,GLU,92.04,T
A,85,TYR,93.28,T
A,86,VAL,94.52,E
A,87,ASP,94.36,E
A,88,LEU,91.37,S
A,89,GLU,90.07,S
A,90,ARG,91.89,S
A,91,GLU,92.93,S
A,92,ALA,91.78,T
A,93,GLY,93.74,T
A,94,LYS,96.46,E
A,95,VAL,95.94,E
A,96,TYR,96.91,E
A,97,LEU,96.43,E
A,98,LYS,96.08,E
A,99,ALA,95.38,E
A,100,PRO,94.28,E
A,101,MET,92.23,E
A,102,ILE,91.94,E
A,103,LEU,91.92,E
A,104,ASN,89.84,T
A,105,GLY,91.27,T
A,106,VAL,94.08,E
A,107,CYS,94.42,E
A,108,VAL,95.35,E
A,109,ILE,96.29,E
A,110,TRP,96.57,E
A,111,LYS,96.73,E
A,112,GLY,96.98,E
A,113,TRP,97.19,E
A,114,ILE,97.62,E
A,115,ASP,97.25,E
A,116,LEU,95.21,T
A,117,GLN,94.7,T
A,118,ARG,95.59,T
A,119,LEU,96.71,S
A,120,ASP,97.06,E
A,121,GLY,97.15,E
A,122,MET,97.68,E
A,123,GLY,96.94,E
A,124,CYS,96.47,E
A,125,LEU,96.47,E
A,126,GLU,96.6,E
A,127,PHE,95.61,E
A,128,ASP,94.41,-
A,129,GLU,91.58,H
A,130,GLU,90.27,H
A,131,ARG,86.95,H
A,132,ALA,90.0,H
A,133,GLN,89.15,H
A,134,GLN,87.5,H
A,135,GLU,86.82,H
A,136,ASP,86.69,H
A,137,ALA,85.74,H
A,138,LEU,85.53,H
A,139,ALA,82.55,H
A,140,GLN,81.85,H
A,141,GLN,82.53,H
A,142,ALA,80.31,H
A,143,PHE,77.01,H
A,144,GLU,78.52,H
A,145,GLU,80.25,H
A,146,ALA,76.72,H
A,147,ARG,76.49,H
A,148,ARG,76.31,H
A,149,ARG,77.62,H
A,150,THR,76.95,H
A,151,ARG,76.34,H
A,152,GLU,78.71,H
A,153,PHE,74.22,H
A,154,GLU,77.15,H
A,155,ASP,76.29,H
A,156,ARG,75.82,H
A,157,ASP,73.85,H
A,158,ARG,78.3,H
A,159,SER,77.23,H
A,160,HIS,78.98,H
A,161,ARG,78.44,H
A,162,GLU,81.42,H
A,163,GLU,79.15,H
A,164,MET,77.14,H
A,165,GLU,79.11,H
A,166,VAL,80.2,H
A,167,ARG,79.97,H
A,168,VAL,79.64,H
A,169,SER,78.76,H
A,170,GLN,79.1,H
A,171,LEU,77.2,H
A,172,LEU,78.37,H
A,173,ALA,77.46,H
A,174,VAL,75.2,H
A,175,THR,71.07,H
A,176,GLY,60.04,H
A,177,LYS,58.04,T
A,178,LYS,56.48,T
A,179,THR,53.36,S
A,180,THR,51.32,-
A,181,ARG,50.04,-
A,182,PRO,53.26,-
