A,161,ALA,sidechain,A,159,ALA,sidechain,100.0
A,135,CYS,sidechain,A,124,CYS,sidechain,100.0
A,141,CYS,sidechain,A,124,CYS,sidechain,100.0
A,141,CYS,sidechain,A,135,CYS,sidechain,100.0
A,238,CYS,sidechain,A,176,CYS,sidechain,100.0
A,242,CYS,sidechain,A,176,CYS,sidechain,100.0
A,242,CYS,sidechain,A,238,CYS,sidechain,100.0
A,275,CYS,sidechain,A,276,ALA,sidechain,100.0
A,275,CYS,sidechain,A,135,CYS,sidechain,100.0
A,277,CYS,sidechain,A,276,ALA,sidechain,100.0
A,277,CYS,sidechain,A,275,CYS,sidechain,100.0
A,184,ASP,sidechain,A,138,ALA,sidechain,100.0
A,184,ASP,sidechain,A,182,CYS,sidechain,100.0
A,186,ASP,sidechain,A,189,ALA,sidechain,100.0
A,228,ASP,sidechain,A,229,CYS,sidechain,100.0
A,281,ASP,sidechain,A,276,ALA,sidechain,100.0
A,281,ASP,sidechain,A,275,CYS,sidechain,100.0
A,281,ASP,sidechain,A,277,CYS,sidechain,100.0
A,180,GLU,sidechain,A,176,CYS,sidechain,100.0
A,258,GLU,sidechain,A,259,ASP,sidechain,100.0
A,285,GLU,sidechain,A,281,ASP,sidechain,100.0
A,285,GLU,sidechain,A,271,GLU,sidechain,100.0
A,286,GLU,sidechain,A,129,ALA,sidechain,100.0
A,134,PHE,sidechain,A,275,CYS,sidechain,100.0
A,134,PHE,sidechain,A,281,ASP,sidechain,100.0
A,134,PHE,sidechain,A,271,GLU,sidechain,100.0
A,134,PHE,sidechain,A,285,GLU,sidechain,100.0
A,134,PHE,sidechain,A,286,GLU,sidechain,100.0
A,212,PHE,sidechain,A,208,ASP,sidechain,100.0
A,270,PHE,sidechain,A,113,PHE,sidechain,100.0
A,168,HIS,sidechain,A,171,GLU,sidechain,100.0
A,178,HIS,sidechain,A,176,CYS,sidechain,100.0
A,178,HIS,sidechain,A,182,CYS,sidechain,100.0
A,178,HIS,sidechain,A,242,CYS,sidechain,100.0
A,179,HIS,sidechain,A,176,CYS,sidechain,100.0
A,179,HIS,sidechain,A,182,CYS,sidechain,100.0
A,179,HIS,sidechain,A,238,CYS,sidechain,100.0
A,179,HIS,sidechain,A,242,CYS,sidechain,100.0
A,179,HIS,sidechain,A,184,ASP,sidechain,100.0
A,179,HIS,sidechain,A,178,HIS,sidechain,100.0
A,193,HIS,sidechain,A,189,ALA,sidechain,100.0
A,193,HIS,sidechain,A,207,ASP,sidechain,100.0
A,214,HIS,sidechain,A,207,ASP,sidechain,100.0
A,214,HIS,sidechain,A,193,HIS,sidechain,100.0
A,233,HIS,sidechain,A,198,GLU,sidechain,100.0
A,162,ILE,sidechain,A,161,ALA,sidechain,100.0
A,195,ILE,sidechain,A,159,ALA,sidechain,100.0
A,195,ILE,sidechain,A,161,ALA,sidechain,100.0
A,232,ILE,sidechain,A,159,ALA,sidechain,100.0
A,232,ILE,sidechain,A,233,HIS,sidechain,100.0
A,251,ILE,sidechain,A,161,ALA,sidechain,100.0
A,251,ILE,sidechain,A,271,GLU,sidechain,100.0
A,251,ILE,sidechain,A,162,ILE,sidechain,100.0
A,254,ILE,sidechain,A,161,ALA,sidechain,100.0
A,254,ILE,sidechain,A,162,ILE,sidechain,100.0
A,255,ILE,sidechain,A,159,ALA,sidechain,100.0
A,255,ILE,sidechain,A,109,PHE,sidechain,100.0
A,255,ILE,sidechain,A,270,PHE,sidechain,100.0
A,255,ILE,sidechain,A,232,ILE,sidechain,100.0
A,255,ILE,sidechain,A,254,ILE,sidechain,100.0
A,120,LYS,sidechain,A,119,ALA,sidechain,100.0
A,120,LYS,sidechain,A,277,CYS,sidechain,100.0
A,132,LYS,sidechain,A,271,GLU,sidechain,100.0
A,132,LYS,sidechain,A,285,GLU,sidechain,100.0
A,132,LYS,sidechain,A,134,PHE,sidechain,100.0
A,139,LYS,sidechain,A,138,ALA,sidechain,100.0
A,164,LYS,sidechain,A,271,GLU,sidechain,100.0
A,164,LYS,sidechain,A,132,LYS,sidechain,100.0
A,93,LEU,sidechain,A,171,GLU,sidechain,100.0
A,111,LEU,sidechain,A,109,PHE,sidechain,100.0
A,111,LEU,sidechain,A,113,PHE,sidechain,100.0
A,111,LEU,sidechain,A,270,PHE,sidechain,100.0
A,111,LEU,sidechain,A,255,ILE,sidechain,100.0
A,114,LEU,sidechain,A,115,HIS,sidechain,100.0
A,130,LEU,sidechain,A,129,ALA,sidechain,100.0
A,130,LEU,sidechain,A,271,GLU,sidechain,100.0
A,130,LEU,sidechain,A,285,GLU,sidechain,100.0
A,130,LEU,sidechain,A,286,GLU,sidechain,100.0
A,130,LEU,sidechain,A,134,PHE,sidechain,100.0
A,130,LEU,sidechain,A,132,LYS,sidechain,100.0
A,137,LEU,sidechain,A,138,ALA,sidechain,100.0
A,137,LEU,sidechain,A,238,CYS,sidechain,100.0
A,137,LEU,sidechain,A,242,CYS,sidechain,100.0
A,137,LEU,sidechain,A,179,HIS,sidechain,100.0
A,145,LEU,sidechain,A,109,PHE,sidechain,100.0
A,145,LEU,sidechain,A,232,ILE,sidechain,100.0
A,145,LEU,sidechain,A,255,ILE,sidechain,100.0
A,145,LEU,sidechain,A,111,LEU,sidechain,100.0
A,188,LEU,sidechain,A,189,ALA,sidechain,100.0
A,188,LEU,sidechain,A,186,ASP,sidechain,100.0
A,194,LEU,sidechain,A,161,ALA,sidechain,100.0
A,194,LEU,sidechain,A,238,CYS,sidechain,100.0
A,194,LEU,sidechain,A,195,ILE,sidechain,100.0
A,194,LEU,sidechain,A,251,ILE,sidechain,100.0
A,201,LEU,sidechain,A,188,LEU,sidechain,100.0
A,206,LEU,sidechain,A,207,ASP,sidechain,100.0
A,206,LEU,sidechain,A,208,ASP,sidechain,100.0
A,206,LEU,sidechain,A,204,GLU,sidechain,100.0
A,252,LEU,sidechain,A,271,GLU,sidechain,100.0
A,252,LEU,sidechain,A,270,PHE,sidechain,100.0
A,252,LEU,sidechain,A,162,ILE,sidechain,100.0
A,252,LEU,sidechain,A,251,ILE,sidechain,100.0
A,252,LEU,sidechain,A,254,ILE,sidechain,100.0
A,252,LEU,sidechain,A,164,LYS,sidechain,100.0
A,257,LEU,sidechain,A,258,GLU,sidechain,100.0
A,257,LEU,sidechain,A,109,PHE,sidechain,100.0
A,257,LEU,sidechain,A,145,LEU,sidechain,100.0
A,264,LEU,sidechain,A,258,GLU,sidechain,100.0
A,265,LEU,sidechain,A,259,ASP,sidechain,100.0
A,265,LEU,sidechain,A,258,GLU,sidechain,100.0
A,265,LEU,sidechain,A,257,LEU,sidechain,100.0
A,265,LEU,sidechain,A,264,LEU,sidechain,100.0
A,289,LEU,sidechain,A,129,ALA,sidechain,100.0
A,289,LEU,sidechain,A,286,GLU,sidechain,100.0
A,289,LEU,sidechain,A,130,LEU,sidechain,100.0
A,133,MET,sidechain,A,124,CYS,sidechain,100.0
A,133,MET,sidechain,A,135,CYS,sidechain,100.0
A,133,MET,sidechain,A,141,CYS,sidechain,100.0
A,133,MET,sidechain,A,113,PHE,sidechain,100.0
A,133,MET,sidechain,A,270,PHE,sidechain,100.0
A,160,MET,sidechain,A,159,ALA,sidechain,100.0
A,160,MET,sidechain,A,161,ALA,sidechain,100.0
A,160,MET,sidechain,A,208,ASP,sidechain,100.0
A,160,MET,sidechain,A,162,ILE,sidechain,100.0
A,160,MET,sidechain,A,254,ILE,sidechain,100.0
A,169,MET,sidechain,A,162,ILE,sidechain,100.0
A,237,MET,sidechain,A,138,ALA,sidechain,100.0
A,237,MET,sidechain,A,189,ALA,sidechain,100.0
A,237,MET,sidechain,A,184,ASP,sidechain,100.0
A,237,MET,sidechain,A,137,LEU,sidechain,100.0
A,237,MET,sidechain,A,194,LEU,sidechain,100.0
A,246,MET,sidechain,A,161,ALA,sidechain,100.0
A,246,MET,sidechain,A,238,CYS,sidechain,100.0
A,246,MET,sidechain,A,242,CYS,sidechain,100.0
A,246,MET,sidechain,A,251,ILE,sidechain,100.0
A,246,MET,sidechain,A,194,LEU,sidechain,100.0
A,131,ASN,sidechain,A,271,GLU,sidechain,100.0
A,131,ASN,sidechain,A,113,PHE,sidechain,100.0
A,131,ASN,sidechain,A,270,PHE,sidechain,100.0
A,131,ASN,sidechain,A,252,LEU,sidechain,100.0
A,200,ASN,sidechain,A,221,GLU,sidechain,100.0
A,200,ASN,sidechain,A,232,ILE,sidechain,100.0
A,200,ASN,sidechain,A,201,LEU,sidechain,100.0
A,210,ASN,sidechain,A,208,ASP,sidechain,100.0
A,210,ASN,sidechain,A,212,PHE,sidechain,100.0
A,235,ASN,sidechain,A,138,ALA,sidechain,100.0
A,235,ASN,sidechain,A,141,CYS,sidechain,100.0
A,235,ASN,sidechain,A,198,GLU,sidechain,100.0
A,235,ASN,sidechain,A,237,MET,sidechain,100.0
A,239,ASN,sidechain,A,276,ALA,sidechain,100.0
A,239,ASN,sidechain,A,238,CYS,sidechain,100.0
A,239,ASN,sidechain,A,242,CYS,sidechain,100.0
A,239,ASN,sidechain,A,275,CYS,sidechain,100.0
A,239,ASN,sidechain,A,179,HIS,sidechain,100.0
A,239,ASN,sidechain,A,137,LEU,sidechain,100.0
A,247,ASN,sidechain,A,243,MET,sidechain,100.0
A,263,ASN,sidechain,A,259,ASP,sidechain,100.0
A,263,ASN,sidechain,A,265,LEU,sidechain,100.0
A,268,ASN,sidechain,A,109,PHE,sidechain,100.0
A,268,ASN,sidechain,A,255,ILE,sidechain,100.0
A,268,ASN,sidechain,A,111,LEU,sidechain,100.0
A,268,ASN,sidechain,A,131,ASN,sidechain,100.0
A,288,ASN,sidechain,A,285,GLU,sidechain,100.0
A,288,ASN,sidechain,A,287,GLU,sidechain,100.0
A,92,PRO,sidechain,A,212,PHE,sidechain,100.0
A,92,PRO,sidechain,A,93,LEU,sidechain,100.0
A,98,PRO,sidechain,A,162,ILE,sidechain,100.0
A,98,PRO,sidechain,A,254,ILE,sidechain,100.0
A,98,PRO,sidechain,A,160,MET,sidechain,100.0
A,128,PRO,sidechain,A,129,ALA,sidechain,100.0
A,128,PRO,sidechain,A,286,GLU,sidechain,100.0
A,128,PRO,sidechain,A,115,HIS,sidechain,100.0
A,142,PRO,sidechain,A,124,CYS,sidechain,100.0
A,142,PRO,sidechain,A,141,CYS,sidechain,100.0
A,142,PRO,sidechain,A,233,HIS,sidechain,100.0
A,142,PRO,sidechain,A,114,LEU,sidechain,100.0
A,142,PRO,sidechain,A,133,MET,sidechain,100.0
A,151,PRO,sidechain,A,257,LEU,sidechain,100.0
A,151,PRO,sidechain,A,265,LEU,sidechain,100.0
A,152,PRO,sidechain,A,259,ASP,sidechain,100.0
A,152,PRO,sidechain,A,265,LEU,sidechain,100.0
A,152,PRO,sidechain,A,151,PRO,sidechain,100.0
A,153,PRO,sidechain,A,152,PRO,sidechain,100.0
A,177,PRO,sidechain,A,176,CYS,sidechain,100.0
A,177,PRO,sidechain,A,180,GLU,sidechain,100.0
A,177,PRO,sidechain,A,178,HIS,sidechain,100.0
A,190,PRO,sidechain,A,189,ALA,sidechain,100.0
A,190,PRO,sidechain,A,207,ASP,sidechain,100.0
A,190,PRO,sidechain,A,193,HIS,sidechain,100.0
A,191,PRO,sidechain,A,189,ALA,sidechain,100.0
A,191,PRO,sidechain,A,180,GLU,sidechain,100.0
A,191,PRO,sidechain,A,190,PRO,sidechain,100.0
A,219,PRO,sidechain,A,204,GLU,sidechain,100.0
A,219,PRO,sidechain,A,221,GLU,sidechain,100.0
A,219,PRO,sidechain,A,200,ASN,sidechain,100.0
A,222,PRO,sidechain,A,221,GLU,sidechain,100.0
A,222,PRO,sidechain,A,151,PRO,sidechain,100.0
A,223,PRO,sidechain,A,229,CYS,sidechain,100.0
A,223,PRO,sidechain,A,228,ASP,sidechain,100.0
A,223,PRO,sidechain,A,222,PRO,sidechain,100.0
A,250,PRO,sidechain,A,271,GLU,sidechain,100.0
A,250,PRO,sidechain,A,251,ILE,sidechain,100.0
A,250,PRO,sidechain,A,132,LYS,sidechain,100.0
A,250,PRO,sidechain,A,164,LYS,sidechain,100.0
A,278,PRO,sidechain,A,276,ALA,sidechain,100.0
A,278,PRO,sidechain,A,124,CYS,sidechain,100.0
A,278,PRO,sidechain,A,135,CYS,sidechain,100.0
A,278,PRO,sidechain,A,275,CYS,sidechain,100.0
A,278,PRO,sidechain,A,277,CYS,sidechain,100.0
A,278,PRO,sidechain,A,281,ASP,sidechain,100.0
A,278,PRO,sidechain,A,134,PHE,sidechain,100.0
A,100,GLN,sidechain,A,162,ILE,sidechain,100.0
A,100,GLN,sidechain,A,254,ILE,sidechain,100.0
A,100,GLN,sidechain,A,164,LYS,sidechain,100.0
A,100,GLN,sidechain,A,252,LEU,sidechain,100.0
A,100,GLN,sidechain,A,169,MET,sidechain,100.0
A,104,GLN,sidechain,A,148,ASP,sidechain,100.0
A,104,GLN,sidechain,A,268,ASN,sidechain,100.0
A,136,GLN,sidechain,A,276,ALA,sidechain,100.0
A,136,GLN,sidechain,A,135,CYS,sidechain,100.0
A,136,GLN,sidechain,A,275,CYS,sidechain,100.0
A,136,GLN,sidechain,A,277,CYS,sidechain,100.0
A,136,GLN,sidechain,A,139,LYS,sidechain,100.0
A,136,GLN,sidechain,A,278,PRO,sidechain,100.0
A,144,GLN,sidechain,A,229,CYS,sidechain,100.0
A,144,GLN,sidechain,A,228,ASP,sidechain,100.0
A,144,GLN,sidechain,A,113,PHE,sidechain,100.0
A,144,GLN,sidechain,A,114,LEU,sidechain,100.0
A,144,GLN,sidechain,A,142,PRO,sidechain,100.0
A,165,GLN,sidechain,A,168,HIS,sidechain,100.0
A,165,GLN,sidechain,A,164,LYS,sidechain,100.0
A,165,GLN,sidechain,A,250,PRO,sidechain,100.0
A,167,GLN,sidechain,A,168,HIS,sidechain,100.0
A,167,GLN,sidechain,A,165,GLN,sidechain,100.0
A,192,GLN,sidechain,A,207,ASP,sidechain,100.0
A,192,GLN,sidechain,A,180,GLU,sidechain,100.0
A,192,GLN,sidechain,A,193,HIS,sidechain,100.0
A,192,GLN,sidechain,A,214,HIS,sidechain,100.0
A,192,GLN,sidechain,A,190,PRO,sidechain,100.0
A,192,GLN,sidechain,A,191,PRO,sidechain,100.0
A,110,ARG,sidechain,A,148,ASP,sidechain,100.0
A,110,ARG,sidechain,A,104,GLN,sidechain,100.0
A,156,ARG,sidechain,A,204,GLU,sidechain,100.0
A,156,ARG,sidechain,A,258,GLU,sidechain,100.0
A,156,ARG,sidechain,A,206,LEU,sidechain,100.0
A,156,ARG,sidechain,A,219,PRO,sidechain,100.0
A,158,ARG,sidechain,A,159,ALA,sidechain,100.0
A,158,ARG,sidechain,A,258,GLU,sidechain,100.0
A,158,ARG,sidechain,A,206,LEU,sidechain,100.0
A,158,ARG,sidechain,A,160,MET,sidechain,100.0
A,158,ARG,sidechain,A,156,ARG,sidechain,100.0
A,174,ARG,sidechain,A,180,GLU,sidechain,100.0
A,174,ARG,sidechain,A,212,PHE,sidechain,100.0
A,174,ARG,sidechain,A,214,HIS,sidechain,100.0
A,174,ARG,sidechain,A,92,PRO,sidechain,100.0
A,174,ARG,sidechain,A,192,GLN,sidechain,100.0
A,175,ARG,sidechain,A,176,CYS,sidechain,100.0
A,175,ARG,sidechain,A,182,CYS,sidechain,100.0
A,175,ARG,sidechain,A,238,CYS,sidechain,100.0
A,175,ARG,sidechain,A,180,GLU,sidechain,100.0
A,175,ARG,sidechain,A,179,HIS,sidechain,100.0
A,175,ARG,sidechain,A,194,LEU,sidechain,100.0
A,175,ARG,sidechain,A,237,MET,sidechain,100.0
A,175,ARG,sidechain,A,191,PRO,sidechain,100.0
A,181,ARG,sidechain,A,180,GLU,sidechain,100.0
A,181,ARG,sidechain,A,177,PRO,sidechain,100.0
A,196,ARG,sidechain,A,138,ALA,sidechain,100.0
A,196,ARG,sidechain,A,189,ALA,sidechain,100.0
A,196,ARG,sidechain,A,186,ASP,sidechain,100.0
A,196,ARG,sidechain,A,193,HIS,sidechain,100.0
A,196,ARG,sidechain,A,237,MET,sidechain,100.0
A,196,ARG,sidechain,A,235,ASN,sidechain,100.0
A,196,ARG,sidechain,A,190,PRO,sidechain,100.0
A,196,ARG,sidechain,A,175,ARG,sidechain,100.0
A,202,ARG,sidechain,A,221,GLU,sidechain,100.0
A,202,ARG,sidechain,A,200,ASN,sidechain,100.0
A,202,ARG,sidechain,A,219,PRO,sidechain,100.0
A,209,ARG,sidechain,A,210,ASN,sidechain,100.0
A,213,ARG,sidechain,A,208,ASP,sidechain,100.0
A,213,ARG,sidechain,A,162,ILE,sidechain,100.0
A,213,ARG,sidechain,A,160,MET,sidechain,100.0
A,213,ARG,sidechain,A,98,PRO,sidechain,100.0
A,248,ARG,sidechain,A,243,MET,sidechain,100.0
A,248,ARG,sidechain,A,247,ASN,sidechain,100.0
A,249,ARG,sidechain,A,171,GLU,sidechain,100.0
A,249,ARG,sidechain,A,168,HIS,sidechain,100.0
A,249,ARG,sidechain,A,246,MET,sidechain,100.0
A,249,ARG,sidechain,A,247,ASN,sidechain,100.0
A,249,ARG,sidechain,A,165,GLN,sidechain,100.0
A,267,ARG,sidechain,A,254,ILE,sidechain,100.0
A,267,ARG,sidechain,A,101,LYS,sidechain,100.0
A,267,ARG,sidechain,A,264,LEU,sidechain,100.0
A,273,ARG,sidechain,A,275,CYS,sidechain,100.0
A,273,ARG,sidechain,A,281,ASP,sidechain,100.0
A,273,ARG,sidechain,A,285,GLU,sidechain,100.0
A,273,ARG,sidechain,A,134,PHE,sidechain,100.0
A,273,ARG,sidechain,A,132,LYS,sidechain,100.0
A,273,ARG,sidechain,A,250,PRO,sidechain,100.0
A,280,ARG,sidechain,A,276,ALA,sidechain,100.0
A,280,ARG,sidechain,A,275,CYS,sidechain,100.0
A,280,ARG,sidechain,A,277,CYS,sidechain,100.0
A,280,ARG,sidechain,A,281,ASP,sidechain,100.0
A,280,ARG,sidechain,A,120,LYS,sidechain,100.0
A,282,ARG,sidechain,A,286,GLU,sidechain,100.0
A,282,ARG,sidechain,A,134,PHE,sidechain,100.0
A,282,ARG,sidechain,A,130,LEU,sidechain,100.0
A,282,ARG,sidechain,A,128,PRO,sidechain,100.0
A,283,ARG,sidechain,A,119,ALA,sidechain,100.0
A,283,ARG,sidechain,A,120,LYS,sidechain,100.0
A,283,ARG,sidechain,A,282,ARG,sidechain,100.0
A,94,SER,sidechain,A,208,ASP,sidechain,100.0
A,94,SER,sidechain,A,212,PHE,sidechain,100.0
A,94,SER,sidechain,A,93,LEU,sidechain,100.0
A,94,SER,sidechain,A,98,PRO,sidechain,100.0
A,94,SER,sidechain,A,213,ARG,sidechain,100.0
A,95,SER,sidechain,A,94,SER,sidechain,100.0
A,96,SER,sidechain,A,208,ASP,sidechain,100.0
A,96,SER,sidechain,A,98,PRO,sidechain,100.0
A,96,SER,sidechain,A,213,ARG,sidechain,100.0
A,96,SER,sidechain,A,94,SER,sidechain,100.0
A,96,SER,sidechain,A,95,SER,sidechain,100.0
A,99,SER,sidechain,A,254,ILE,sidechain,100.0
A,99,SER,sidechain,A,101,LYS,sidechain,100.0
A,99,SER,sidechain,A,98,PRO,sidechain,100.0
A,99,SER,sidechain,A,100,GLN,sidechain,100.0
A,99,SER,sidechain,A,267,ARG,sidechain,100.0
A,106,SER,sidechain,A,265,LEU,sidechain,100.0
A,116,SER,sidechain,A,124,CYS,sidechain,100.0
A,116,SER,sidechain,A,115,HIS,sidechain,100.0
A,116,SER,sidechain,A,114,LEU,sidechain,100.0
A,116,SER,sidechain,A,142,PRO,sidechain,100.0
A,116,SER,sidechain,A,282,ARG,sidechain,100.0
A,121,SER,sidechain,A,119,ALA,sidechain,100.0
A,121,SER,sidechain,A,120,LYS,sidechain,100.0
A,127,SER,sidechain,A,129,ALA,sidechain,100.0
A,127,SER,sidechain,A,285,GLU,sidechain,100.0
A,127,SER,sidechain,A,286,GLU,sidechain,100.0
A,127,SER,sidechain,A,134,PHE,sidechain,100.0
A,127,SER,sidechain,A,132,LYS,sidechain,100.0
A,127,SER,sidechain,A,130,LEU,sidechain,100.0
A,127,SER,sidechain,A,289,LEU,sidechain,100.0
A,127,SER,sidechain,A,128,PRO,sidechain,100.0
A,127,SER,sidechain,A,282,ARG,sidechain,100.0
A,149,SER,sidechain,A,148,ASP,sidechain,100.0
A,149,SER,sidechain,A,151,PRO,sidechain,100.0
A,149,SER,sidechain,A,106,SER,sidechain,100.0
A,166,SER,sidechain,A,169,MET,sidechain,100.0
A,166,SER,sidechain,A,165,GLN,sidechain,100.0
A,166,SER,sidechain,A,167,GLN,sidechain,100.0
A,183,SER,sidechain,A,182,CYS,sidechain,100.0
A,183,SER,sidechain,A,184,ASP,sidechain,100.0
A,185,SER,sidechain,A,189,ALA,sidechain,100.0
A,185,SER,sidechain,A,184,ASP,sidechain,100.0
A,185,SER,sidechain,A,186,ASP,sidechain,100.0
A,185,SER,sidechain,A,191,PRO,sidechain,100.0
A,185,SER,sidechain,A,196,ARG,sidechain,100.0
A,185,SER,sidechain,A,183,SER,sidechain,100.0
A,215,SER,sidechain,A,159,ALA,sidechain,100.0
A,215,SER,sidechain,A,207,ASP,sidechain,100.0
A,215,SER,sidechain,A,208,ASP,sidechain,100.0
A,215,SER,sidechain,A,193,HIS,sidechain,100.0
A,215,SER,sidechain,A,206,LEU,sidechain,100.0
A,215,SER,sidechain,A,160,MET,sidechain,100.0
A,215,SER,sidechain,A,158,ARG,sidechain,100.0
A,227,SER,sidechain,A,229,CYS,sidechain,100.0
A,227,SER,sidechain,A,228,ASP,sidechain,100.0
A,227,SER,sidechain,A,224,GLU,sidechain,100.0
A,227,SER,sidechain,A,223,PRO,sidechain,100.0
A,240,SER,sidechain,A,238,CYS,sidechain,100.0
A,240,SER,sidechain,A,242,CYS,sidechain,100.0
A,240,SER,sidechain,A,275,CYS,sidechain,100.0
A,240,SER,sidechain,A,251,ILE,sidechain,100.0
A,240,SER,sidechain,A,246,MET,sidechain,100.0
A,240,SER,sidechain,A,239,ASN,sidechain,100.0
A,240,SER,sidechain,A,250,PRO,sidechain,100.0
A,240,SER,sidechain,A,273,ARG,sidechain,100.0
A,241,SER,sidechain,A,242,CYS,sidechain,100.0
A,241,SER,sidechain,A,239,ASN,sidechain,100.0
A,241,SER,sidechain,A,248,ARG,sidechain,100.0
A,241,SER,sidechain,A,273,ARG,sidechain,100.0
A,241,SER,sidechain,A,240,SER,sidechain,100.0
A,260,SER,sidechain,A,259,ASP,sidechain,100.0
A,260,SER,sidechain,A,156,ARG,sidechain,100.0
A,261,SER,sidechain,A,259,ASP,sidechain,100.0
A,261,SER,sidechain,A,263,ASN,sidechain,100.0
A,261,SER,sidechain,A,260,SER,sidechain,100.0
A,269,SER,sidechain,A,270,PHE,sidechain,100.0
A,269,SER,sidechain,A,254,ILE,sidechain,100.0
A,269,SER,sidechain,A,255,ILE,sidechain,100.0
A,269,SER,sidechain,A,111,LEU,sidechain,100.0
A,269,SER,sidechain,A,252,LEU,sidechain,100.0
A,269,SER,sidechain,A,131,ASN,sidechain,100.0
A,269,SER,sidechain,A,268,ASN,sidechain,100.0
A,269,SER,sidechain,A,100,GLN,sidechain,100.0
A,269,SER,sidechain,A,267,ARG,sidechain,100.0
A,102,THR,sidechain,A,101,LYS,sidechain,100.0
A,102,THR,sidechain,A,268,ASN,sidechain,100.0
A,102,THR,sidechain,A,104,GLN,sidechain,100.0
A,102,THR,sidechain,A,267,ARG,sidechain,100.0
A,102,THR,sidechain,A,269,SER,sidechain,100.0
A,118,THR,sidechain,A,119,ALA,sidechain,100.0
A,118,THR,sidechain,A,286,GLU,sidechain,100.0
A,118,THR,sidechain,A,282,ARG,sidechain,100.0
A,118,THR,sidechain,A,283,ARG,sidechain,100.0
A,123,THR,sidechain,A,124,CYS,sidechain,100.0
A,123,THR,sidechain,A,139,LYS,sidechain,100.0
A,123,THR,sidechain,A,278,PRO,sidechain,100.0
A,123,THR,sidechain,A,136,GLN,sidechain,100.0
A,123,THR,sidechain,A,121,SER,sidechain,100.0
A,125,THR,sidechain,A,124,CYS,sidechain,100.0
A,125,THR,sidechain,A,134,PHE,sidechain,100.0
A,125,THR,sidechain,A,278,PRO,sidechain,100.0
A,125,THR,sidechain,A,282,ARG,sidechain,100.0
A,125,THR,sidechain,A,116,SER,sidechain,100.0
A,125,THR,sidechain,A,127,SER,sidechain,100.0
A,125,THR,sidechain,A,118,THR,sidechain,100.0
A,140,THR,sidechain,A,124,CYS,sidechain,100.0
A,140,THR,sidechain,A,141,CYS,sidechain,100.0
A,140,THR,sidechain,A,198,GLU,sidechain,100.0
A,140,THR,sidechain,A,233,HIS,sidechain,100.0
A,140,THR,sidechain,A,139,LYS,sidechain,100.0
A,140,THR,sidechain,A,235,ASN,sidechain,100.0
A,140,THR,sidechain,A,142,PRO,sidechain,100.0
A,140,THR,sidechain,A,123,THR,sidechain,100.0
A,150,THR,sidechain,A,151,PRO,sidechain,100.0
A,150,THR,sidechain,A,222,PRO,sidechain,100.0
A,150,THR,sidechain,A,223,PRO,sidechain,100.0
A,150,THR,sidechain,A,149,SER,sidechain,100.0
A,155,THR,sidechain,A,259,ASP,sidechain,100.0
A,155,THR,sidechain,A,257,LEU,sidechain,100.0
A,155,THR,sidechain,A,265,LEU,sidechain,100.0
A,155,THR,sidechain,A,151,PRO,sidechain,100.0
A,155,THR,sidechain,A,152,PRO,sidechain,100.0
A,155,THR,sidechain,A,153,PRO,sidechain,100.0
A,155,THR,sidechain,A,260,SER,sidechain,100.0
A,170,THR,sidechain,A,171,GLU,sidechain,100.0
A,170,THR,sidechain,A,93,LEU,sidechain,100.0
A,170,THR,sidechain,A,169,MET,sidechain,100.0
A,170,THR,sidechain,A,94,SER,sidechain,100.0
A,211,THR,sidechain,A,208,ASP,sidechain,100.0
A,211,THR,sidechain,A,212,PHE,sidechain,100.0
A,211,THR,sidechain,A,160,MET,sidechain,100.0
A,211,THR,sidechain,A,210,ASN,sidechain,100.0
A,211,THR,sidechain,A,98,PRO,sidechain,100.0
A,211,THR,sidechain,A,213,ARG,sidechain,100.0
A,211,THR,sidechain,A,94,SER,sidechain,100.0
A,211,THR,sidechain,A,96,SER,sidechain,100.0
A,230,THR,sidechain,A,229,CYS,sidechain,100.0
A,230,THR,sidechain,A,221,GLU,sidechain,100.0
A,230,THR,sidechain,A,232,ILE,sidechain,100.0
A,230,THR,sidechain,A,145,LEU,sidechain,100.0
A,230,THR,sidechain,A,222,PRO,sidechain,100.0
A,230,THR,sidechain,A,223,PRO,sidechain,100.0
A,230,THR,sidechain,A,227,SER,sidechain,100.0
A,231,THR,sidechain,A,229,CYS,sidechain,100.0
A,231,THR,sidechain,A,233,HIS,sidechain,100.0
A,231,THR,sidechain,A,232,ILE,sidechain,100.0
A,231,THR,sidechain,A,114,LEU,sidechain,100.0
A,231,THR,sidechain,A,145,LEU,sidechain,100.0
A,231,THR,sidechain,A,142,PRO,sidechain,100.0
A,231,THR,sidechain,A,144,GLN,sidechain,100.0
A,231,THR,sidechain,A,227,SER,sidechain,100.0
A,231,THR,sidechain,A,230,THR,sidechain,100.0
A,253,THR,sidechain,A,159,ALA,sidechain,100.0
A,253,THR,sidechain,A,161,ALA,sidechain,100.0
A,253,THR,sidechain,A,270,PHE,sidechain,100.0
A,253,THR,sidechain,A,195,ILE,sidechain,100.0
A,253,THR,sidechain,A,251,ILE,sidechain,100.0
A,253,THR,sidechain,A,254,ILE,sidechain,100.0
A,253,THR,sidechain,A,255,ILE,sidechain,100.0
A,253,THR,sidechain,A,252,LEU,sidechain,100.0
A,253,THR,sidechain,A,133,MET,sidechain,100.0
A,253,THR,sidechain,A,269,SER,sidechain,100.0
A,256,THR,sidechain,A,159,ALA,sidechain,100.0
A,256,THR,sidechain,A,258,GLU,sidechain,100.0
A,256,THR,sidechain,A,109,PHE,sidechain,100.0
A,256,THR,sidechain,A,254,ILE,sidechain,100.0
A,256,THR,sidechain,A,255,ILE,sidechain,100.0
A,256,THR,sidechain,A,257,LEU,sidechain,100.0
A,256,THR,sidechain,A,264,LEU,sidechain,100.0
A,256,THR,sidechain,A,160,MET,sidechain,100.0
A,256,THR,sidechain,A,158,ARG,sidechain,100.0
A,256,THR,sidechain,A,267,ARG,sidechain,100.0
A,284,THR,sidechain,A,281,ASP,sidechain,100.0
A,284,THR,sidechain,A,285,GLU,sidechain,100.0
A,284,THR,sidechain,A,287,GLU,sidechain,100.0
A,284,THR,sidechain,A,288,ASN,sidechain,100.0
A,284,THR,sidechain,A,280,ARG,sidechain,100.0
A,284,THR,sidechain,A,283,ARG,sidechain,100.0
A,97,VAL,sidechain,A,162,ILE,sidechain,100.0
A,97,VAL,sidechain,A,169,MET,sidechain,100.0
A,97,VAL,sidechain,A,98,PRO,sidechain,100.0
A,97,VAL,sidechain,A,100,GLN,sidechain,100.0
A,97,VAL,sidechain,A,213,ARG,sidechain,100.0
A,97,VAL,sidechain,A,94,SER,sidechain,100.0
A,97,VAL,sidechain,A,96,SER,sidechain,100.0
A,97,VAL,sidechain,A,170,THR,sidechain,100.0
A,122,VAL,sidechain,A,119,ALA,sidechain,100.0
A,122,VAL,sidechain,A,124,CYS,sidechain,100.0
A,122,VAL,sidechain,A,278,PRO,sidechain,100.0
A,122,VAL,sidechain,A,116,SER,sidechain,100.0
A,122,VAL,sidechain,A,121,SER,sidechain,100.0
A,122,VAL,sidechain,A,118,THR,sidechain,100.0
A,122,VAL,sidechain,A,123,THR,sidechain,100.0
A,122,VAL,sidechain,A,125,THR,sidechain,100.0
A,143,VAL,sidechain,A,141,CYS,sidechain,100.0
A,143,VAL,sidechain,A,113,PHE,sidechain,100.0
A,143,VAL,sidechain,A,270,PHE,sidechain,100.0
A,143,VAL,sidechain,A,232,ILE,sidechain,100.0
A,143,VAL,sidechain,A,255,ILE,sidechain,100.0
A,143,VAL,sidechain,A,111,LEU,sidechain,100.0
A,143,VAL,sidechain,A,145,LEU,sidechain,100.0
A,143,VAL,sidechain,A,133,MET,sidechain,100.0
A,143,VAL,sidechain,A,142,PRO,sidechain,100.0
A,143,VAL,sidechain,A,144,GLN,sidechain,100.0
A,143,VAL,sidechain,A,231,THR,sidechain,100.0
A,143,VAL,sidechain,A,253,THR,sidechain,100.0
A,147,VAL,sidechain,A,148,ASP,sidechain,100.0
A,147,VAL,sidechain,A,109,PHE,sidechain,100.0
A,147,VAL,sidechain,A,145,LEU,sidechain,100.0
A,147,VAL,sidechain,A,257,LEU,sidechain,100.0
A,147,VAL,sidechain,A,151,PRO,sidechain,100.0
A,147,VAL,sidechain,A,223,PRO,sidechain,100.0
A,147,VAL,sidechain,A,110,ARG,sidechain,100.0
A,147,VAL,sidechain,A,149,SER,sidechain,100.0
A,147,VAL,sidechain,A,150,THR,sidechain,100.0
A,147,VAL,sidechain,A,230,THR,sidechain,100.0
A,157,VAL,sidechain,A,159,ALA,sidechain,100.0
A,157,VAL,sidechain,A,258,GLU,sidechain,100.0
A,157,VAL,sidechain,A,109,PHE,sidechain,100.0
A,157,VAL,sidechain,A,232,ILE,sidechain,100.0
A,157,VAL,sidechain,A,255,ILE,sidechain,100.0
A,157,VAL,sidechain,A,145,LEU,sidechain,100.0
A,157,VAL,sidechain,A,257,LEU,sidechain,100.0
A,157,VAL,sidechain,A,155,THR,sidechain,100.0
A,157,VAL,sidechain,A,256,THR,sidechain,100.0
A,172,VAL,sidechain,A,171,GLU,sidechain,100.0
A,172,VAL,sidechain,A,212,PHE,sidechain,100.0
A,172,VAL,sidechain,A,214,HIS,sidechain,100.0
A,172,VAL,sidechain,A,92,PRO,sidechain,100.0
A,172,VAL,sidechain,A,174,ARG,sidechain,100.0
A,172,VAL,sidechain,A,213,ARG,sidechain,100.0
A,172,VAL,sidechain,A,94,SER,sidechain,100.0
A,172,VAL,sidechain,A,211,THR,sidechain,100.0
A,173,VAL,sidechain,A,161,ALA,sidechain,100.0
A,173,VAL,sidechain,A,214,HIS,sidechain,100.0
A,173,VAL,sidechain,A,162,ILE,sidechain,100.0
A,173,VAL,sidechain,A,251,ILE,sidechain,100.0
A,173,VAL,sidechain,A,194,LEU,sidechain,100.0
A,173,VAL,sidechain,A,246,MET,sidechain,100.0
A,173,VAL,sidechain,A,174,ARG,sidechain,100.0
A,173,VAL,sidechain,A,213,ARG,sidechain,100.0
A,173,VAL,sidechain,A,172,VAL,sidechain,100.0
A,197,VAL,sidechain,A,159,ALA,sidechain,100.0
A,197,VAL,sidechain,A,232,ILE,sidechain,100.0
A,197,VAL,sidechain,A,200,ASN,sidechain,100.0
A,197,VAL,sidechain,A,235,ASN,sidechain,100.0
A,203,VAL,sidechain,A,189,ALA,sidechain,100.0
A,203,VAL,sidechain,A,204,GLU,sidechain,100.0
A,203,VAL,sidechain,A,188,LEU,sidechain,100.0
A,203,VAL,sidechain,A,200,ASN,sidechain,100.0
A,203,VAL,sidechain,A,197,VAL,sidechain,100.0
A,216,VAL,sidechain,A,159,ALA,sidechain,100.0
A,216,VAL,sidechain,A,189,ALA,sidechain,100.0
A,216,VAL,sidechain,A,193,HIS,sidechain,100.0
A,216,VAL,sidechain,A,195,ILE,sidechain,100.0
A,216,VAL,sidechain,A,158,ARG,sidechain,100.0
A,216,VAL,sidechain,A,215,SER,sidechain,100.0
A,216,VAL,sidechain,A,197,VAL,sidechain,100.0
A,216,VAL,sidechain,A,203,VAL,sidechain,100.0
A,217,VAL,sidechain,A,159,ALA,sidechain,100.0
A,217,VAL,sidechain,A,204,GLU,sidechain,100.0
A,217,VAL,sidechain,A,258,GLU,sidechain,100.0
A,217,VAL,sidechain,A,206,LEU,sidechain,100.0
A,217,VAL,sidechain,A,219,PRO,sidechain,100.0
A,217,VAL,sidechain,A,156,ARG,sidechain,100.0
A,217,VAL,sidechain,A,158,ARG,sidechain,100.0
A,217,VAL,sidechain,A,215,SER,sidechain,100.0
A,217,VAL,sidechain,A,157,VAL,sidechain,100.0
A,217,VAL,sidechain,A,203,VAL,sidechain,100.0
A,217,VAL,sidechain,A,216,VAL,sidechain,100.0
A,218,VAL,sidechain,A,221,GLU,sidechain,100.0
A,218,VAL,sidechain,A,232,ILE,sidechain,100.0
A,218,VAL,sidechain,A,200,ASN,sidechain,100.0
A,218,VAL,sidechain,A,219,PRO,sidechain,100.0
A,218,VAL,sidechain,A,202,ARG,sidechain,100.0
A,218,VAL,sidechain,A,157,VAL,sidechain,100.0
A,218,VAL,sidechain,A,197,VAL,sidechain,100.0
A,218,VAL,sidechain,A,203,VAL,sidechain,100.0
A,218,VAL,sidechain,A,216,VAL,sidechain,100.0
A,218,VAL,sidechain,A,217,VAL,sidechain,100.0
A,225,VAL,sidechain,A,224,GLU,sidechain,100.0
A,272,VAL,sidechain,A,161,ALA,sidechain,100.0
A,272,VAL,sidechain,A,135,CYS,sidechain,100.0
A,272,VAL,sidechain,A,141,CYS,sidechain,100.0
A,272,VAL,sidechain,A,271,GLU,sidechain,100.0
A,272,VAL,sidechain,A,270,PHE,sidechain,100.0
A,272,VAL,sidechain,A,195,ILE,sidechain,100.0
A,272,VAL,sidechain,A,251,ILE,sidechain,100.0
A,272,VAL,sidechain,A,132,LYS,sidechain,100.0
A,272,VAL,sidechain,A,133,MET,sidechain,100.0
A,272,VAL,sidechain,A,240,SER,sidechain,100.0
A,272,VAL,sidechain,A,253,THR,sidechain,100.0
A,274,VAL,sidechain,A,135,CYS,sidechain,100.0
A,274,VAL,sidechain,A,141,CYS,sidechain,100.0
A,274,VAL,sidechain,A,238,CYS,sidechain,100.0
A,274,VAL,sidechain,A,275,CYS,sidechain,100.0
A,274,VAL,sidechain,A,251,ILE,sidechain,100.0
A,274,VAL,sidechain,A,137,LEU,sidechain,100.0
A,274,VAL,sidechain,A,194,LEU,sidechain,100.0
A,274,VAL,sidechain,A,246,MET,sidechain,100.0
A,274,VAL,sidechain,A,239,ASN,sidechain,100.0
A,274,VAL,sidechain,A,273,ARG,sidechain,100.0
A,274,VAL,sidechain,A,240,SER,sidechain,100.0
A,274,VAL,sidechain,A,272,VAL,sidechain,100.0
A,91,TRP,sidechain,A,92,PRO,sidechain,100.0
A,91,TRP,sidechain,A,174,ARG,sidechain,100.0
A,146,TRP,sidechain,A,229,CYS,sidechain,100.0
A,146,TRP,sidechain,A,228,ASP,sidechain,100.0
A,146,TRP,sidechain,A,144,GLN,sidechain,100.0
A,146,TRP,sidechain,A,110,ARG,sidechain,100.0
A,103,TYR,sidechain,A,264,LEU,sidechain,100.0
A,103,TYR,sidechain,A,267,ARG,sidechain,100.0
A,103,TYR,sidechain,A,106,SER,sidechain,100.0
A,107,TYR,sidechain,A,257,LEU,sidechain,100.0
A,107,TYR,sidechain,A,265,LEU,sidechain,100.0
A,107,TYR,sidechain,A,151,PRO,sidechain,100.0
A,107,TYR,sidechain,A,152,PRO,sidechain,100.0
A,107,TYR,sidechain,A,106,SER,sidechain,100.0
A,107,TYR,sidechain,A,149,SER,sidechain,100.0
A,107,TYR,sidechain,A,155,THR,sidechain,100.0
A,107,TYR,sidechain,A,147,VAL,sidechain,100.0
A,126,TYR,sidechain,A,113,PHE,sidechain,100.0
A,126,TYR,sidechain,A,270,PHE,sidechain,100.0
A,126,TYR,sidechain,A,133,MET,sidechain,100.0
A,126,TYR,sidechain,A,131,ASN,sidechain,100.0
A,126,TYR,sidechain,A,128,PRO,sidechain,100.0
A,126,TYR,sidechain,A,282,ARG,sidechain,100.0
A,126,TYR,sidechain,A,127,SER,sidechain,100.0
A,163,TYR,sidechain,A,161,ALA,sidechain,100.0
A,163,TYR,sidechain,A,171,GLU,sidechain,100.0
A,163,TYR,sidechain,A,168,HIS,sidechain,100.0
A,163,TYR,sidechain,A,162,ILE,sidechain,100.0
A,163,TYR,sidechain,A,251,ILE,sidechain,100.0
A,163,TYR,sidechain,A,246,MET,sidechain,100.0
A,163,TYR,sidechain,A,249,ARG,sidechain,100.0
A,163,TYR,sidechain,A,173,VAL,sidechain,100.0
A,205,TYR,sidechain,A,189,ALA,sidechain,100.0
A,205,TYR,sidechain,A,193,HIS,sidechain,100.0
A,205,TYR,sidechain,A,188,LEU,sidechain,100.0
A,205,TYR,sidechain,A,190,PRO,sidechain,100.0
A,205,TYR,sidechain,A,196,ARG,sidechain,100.0
A,205,TYR,sidechain,A,197,VAL,sidechain,100.0
A,205,TYR,sidechain,A,203,VAL,sidechain,100.0
A,205,TYR,sidechain,A,216,VAL,sidechain,100.0
A,220,TYR,sidechain,A,221,GLU,sidechain,100.0
A,220,TYR,sidechain,A,145,LEU,sidechain,100.0
A,220,TYR,sidechain,A,257,LEU,sidechain,100.0
A,220,TYR,sidechain,A,151,PRO,sidechain,100.0
A,220,TYR,sidechain,A,222,PRO,sidechain,100.0
A,220,TYR,sidechain,A,223,PRO,sidechain,100.0
A,220,TYR,sidechain,A,150,THR,sidechain,100.0
A,220,TYR,sidechain,A,155,THR,sidechain,100.0
A,220,TYR,sidechain,A,230,THR,sidechain,100.0
A,220,TYR,sidechain,A,147,VAL,sidechain,100.0
A,220,TYR,sidechain,A,157,VAL,sidechain,100.0
A,234,TYR,sidechain,A,159,ALA,sidechain,100.0
A,234,TYR,sidechain,A,141,CYS,sidechain,100.0
A,234,TYR,sidechain,A,270,PHE,sidechain,100.0
A,234,TYR,sidechain,A,195,ILE,sidechain,100.0
A,234,TYR,sidechain,A,232,ILE,sidechain,100.0
A,234,TYR,sidechain,A,255,ILE,sidechain,100.0
A,234,TYR,sidechain,A,253,THR,sidechain,100.0
A,234,TYR,sidechain,A,143,VAL,sidechain,100.0
A,234,TYR,sidechain,A,157,VAL,sidechain,100.0
A,234,TYR,sidechain,A,197,VAL,sidechain,100.0
A,234,TYR,sidechain,A,216,VAL,sidechain,100.0
A,234,TYR,sidechain,A,218,VAL,sidechain,100.0
A,236,TYR,sidechain,A,159,ALA,sidechain,100.0
A,236,TYR,sidechain,A,161,ALA,sidechain,100.0
A,236,TYR,sidechain,A,135,CYS,sidechain,100.0
A,236,TYR,sidechain,A,141,CYS,sidechain,100.0
A,236,TYR,sidechain,A,270,PHE,sidechain,100.0
A,236,TYR,sidechain,A,195,ILE,sidechain,100.0
A,236,TYR,sidechain,A,251,ILE,sidechain,100.0
A,236,TYR,sidechain,A,194,LEU,sidechain,100.0
A,236,TYR,sidechain,A,133,MET,sidechain,100.0
A,236,TYR,sidechain,A,235,ASN,sidechain,100.0
A,236,TYR,sidechain,A,253,THR,sidechain,100.0
A,236,TYR,sidechain,A,272,VAL,sidechain,100.0
A,236,TYR,sidechain,A,274,VAL,sidechain,100.0
A,236,TYR,sidechain,A,234,TYR,sidechain,100.0
